S1,S2,S3,S4,S5,S6,S7,S8,Class
14,6,7,-2,-9,14,47,6,A
-7,10,3,-21,10,-8,2,0,A
-9,-9,-14,-2,4,-5,-9,3,A
-18,-23,-9,13,15,26,18,-3,A
3,-9,-4,-9,-20,-7,-20,-1,A
0,9,3,0,-1,-7,-28,-1,A
-2,16,6,-5,-15,-6,-21,-2,A
2,-9,-10,4,12,-22,16,-2,A
-7,-2,-2,7,2,4,47,3,A
0,-15,-7,-16,8,1,13,1,A
-12,2,0,6,-2,-11,-11,-5,A
-11,-4,-7,-10,-2,9,-2,0,A
-5,-19,-7,-9,-1,-3,5,-2,A
0,-2,-4,46,4,-5,20,-2,A
6,-10,1,7,2,13,13,10,A
4,5,-5,-3,-23,-12,-21,3,A
2,-7,13,-28,11,-14,-29,-6,A
0,17,8,-7,6,7,-6,-1,A
7,-3,0,-1,7,19,-18,-3,A
6,-2,-8,-15,-5,-53,-125,1,A
1,-9,-13,-20,-46,8,104,9,A
0,0,4,-1,4,-5,-7,0,A
3,11,11,-18,0,-16,-53,-18,A
13,15,-4,26,1,4,51,-3,A
5,-12,-19,19,28,-2,-84,6,A
-16,8,-4,-4,-16,25,90,5,A
-3,10,14,-22,-49,-34,-9,-1,A
-2,-4,-7,8,-13,18,50,-1,A
-16,19,-10,30,-2,0,11,-9,A
5,7,-10,-15,59,-6,35,0,A
6,8,5,-39,9,37,-17,6,A
-6,4,6,5,11,16,32,4,A
-5,5,4,17,-14,-16,-7,-3,A
-6,-1,-3,2,11,-20,-12,-9,A
-5,-26,-11,-9,-3,1,-49,-1,A
2,1,-4,5,7,-2,-88,-4,A
10,25,-1,7,25,14,-1,-9,A
-1,7,13,6,14,-14,-16,-8,A
-8,5,0,-6,-26,6,-21,-5,A
2,1,12,-9,-8,0,54,7,A
3,-19,-9,-6,-11,4,-14,-2,A
-6,0,0,-1,5,-7,-3,-1,A
1,-5,4,3,0,-8,-5,11,A
1,-10,-1,1,13,-11,-21,-9,A
3,-12,-4,-21,-6,7,36,0,A
-5,14,-3,-31,-16,-6,8,-1,A
-1,0,2,8,-24,-4,-20,0,A
8,4,-1,0,3,-13,-14,4,A
11,7,-1,-2,32,-32,-5,-3,A
2,0,-4,-9,2,-8,15,1,A
-7,-10,1,-4,12,21,10,-4,A
-2,-11,-10,-13,8,8,-7,-4,A
-2,1,-7,-24,-32,5,18,13,A
-2,7,4,-8,0,-14,20,0,A
-5,-4,4,33,11,-7,-37,-6,A
6,1,7,19,6,14,41,1,A
-1,-6,6,27,3,-19,6,3,A
-6,-8,-10,-1,5,-5,-18,-6,A
5,-10,-7,13,8,46,66,3,A
0,-14,-10,11,-1,5,26,-1,A
3,-2,0,-10,-9,11,29,6,A
12,2,-4,3,3,17,70,2,A
3,10,6,6,21,9,3,-3,A
4,6,-2,-13,-7,-1,-27,-4,A
4,6,-9,-13,-20,-17,-29,1,A
1,-15,-3,18,12,-4,-32,-1,A
0,-6,0,4,6,-14,-21,-8,A
7,-5,4,-12,2,-7,-15,0,A
-3,-3,-5,19,10,-3,-3,2,A
-5,-10,-15,-48,-8,1,-6,-2,A
18,5,-1,15,8,15,-21,2,A
1,1,-1,5,-4,6,-14,-4,A
3,-8,3,11,4,1,4,-2,A
1,-7,-9,-7,-10,-2,-55,-18,A
-5,8,-5,10,-6,-10,6,1,A
9,-12,-1,11,-1,-29,-4,3,A
-8,-18,-9,-6,13,16,29,-1,A
-17,1,11,-9,12,19,94,6,A
3,16,3,10,-11,-32,-27,-2,A
0,-3,-10,1,-14,8,-18,4,A
13,-14,-7,-14,0,0,33,4,A
-5,8,1,7,-18,-18,10,3,A
-11,2,-4,8,19,-29,7,5,A
1,-13,-6,-23,-5,-8,47,4,A
9,-2,3,26,7,4,-3,5,A
4,-6,2,1,5,10,-10,1,A
-2,-13,-5,3,0,-11,-16,-2,A
-5,-15,4,25,1,8,-2,-1,A
-3,15,-6,-10,4,9,-16,0,A
3,-3,13,-29,8,-8,19,-1,A
-5,-1,4,-9,-15,-7,-24,-7,A
2,-6,-1,2,9,-7,-15,1,A
-17,11,0,5,-6,5,-24,-5,A
1,-1,7,17,-4,-10,-54,-1,A
-3,0,-2,1,5,-7,-13,-1,A
7,11,1,0,-11,8,16,3,A
6,7,3,-15,-13,-10,2,-6,A
2,-2,-2,13,-2,-7,17,-3,A
2,-19,-10,20,5,-40,-18,-3,A
-4,6,0,22,0,10,9,-3,A
-7,3,6,4,43,1,6,0,B
16,-11,-14,-30,18,-4,-4,1,B
-11,-4,-4,2,-34,-3,-5,-3,B
10,7,2,8,34,8,12,0,B
-3,-6,0,9,28,3,-11,0,B
-4,14,8,2,-4,0,-11,0,B
-19,9,5,-3,-4,0,-4,-1,B
-9,0,2,-6,-25,-1,2,-1,B
2,8,8,14,-10,9,-4,3,B
-14,-18,-5,-32,22,-2,0,-2,B
-11,13,-4,-11,-44,-2,2,-1,B
32,-3,-7,-23,7,2,-6,1,B
-6,-10,1,6,1,1,-13,-3,B
7,-3,-4,-32,-51,-7,-17,0,B
9,15,6,7,-6,-1,3,3,B
4,-19,-11,-6,18,-11,-9,-1,B
-15,16,-2,9,12,-4,5,1,B
1,2,-3,-6,32,7,12,1,B
7,32,3,-2,20,0,0,1,B
7,-3,12,25,38,18,7,3,B
-17,-7,-5,-16,-31,-1,-2,0,B
4,22,6,15,34,8,2,1,B
14,-13,-1,-4,3,14,-28,-5,B
-22,4,3,-12,10,-3,11,-2,B
3,18,-5,-12,-4,-1,1,-1,B
0,8,10,49,8,-16,-17,-5,B
-2,19,-7,-12,-19,-7,5,-1,B
-28,-18,0,-9,30,-13,-15,-5,B
-17,-15,-13,-6,63,-4,-16,-5,B
-5,-3,-12,-21,-52,-9,-4,-2,B
5,-8,-6,-13,-11,-2,1,0,B
10,-16,2,7,-1,11,0,1,B
-8,-7,-12,-22,7,-2,-9,-5,B
-6,-1,5,9,13,-12,-16,-8,B
-10,-10,-15,-19,40,-7,-20,-6,B
-7,-13,-9,-11,-19,-10,12,3,B
29,0,-1,0,7,-19,0,6,B
-36,3,-3,2,-26,1,4,-5,B
-5,-4,5,3,27,1,-2,0,B
-1,5,-3,-6,-17,-17,-17,-6,B
-2,7,4,-13,-56,-25,-19,-1,B
12,10,-5,-48,-58,-8,-22,-4,B
2,2,-11,-28,-17,5,13,3,B
-10,-6,-1,5,19,7,19,5,B
20,-11,-3,9,20,-5,-4,-3,B
1,9,-2,5,-25,-15,-11,-3,B
-13,7,0,4,-5,6,-13,-2,B
-10,-19,-7,-1,9,-4,-22,-5,B
-4,-6,-6,-16,-23,-9,-8,-4,B
7,0,0,10,14,8,17,2,B
-5,-4,-2,1,41,3,1,0,B
-14,-3,-3,7,-13,7,-14,-6,B
5,9,1,3,24,11,6,3,B
-10,-5,-1,9,-2,-4,-16,-3,B
4,1,-13,-26,-3,0,1,-3,B
19,11,5,17,-10,10,9,6,B
17,12,5,9,22,4,15,1,B
12,-1,2,13,30,0,-20,1,B
7,17,3,0,40,-6,-9,-4,B
0,8,6,-3,-42,-4,-1,0,B
-3,-9,-4,-12,-1,7,-3,0,B
5,16,-1,7,45,13,-11,1,B
-25,-2,-12,-22,17,-4,-15,-8,B
-2,0,8,22,5,13,18,1,B
2,-12,2,7,-3,-6,-2,-1,B
4,24,10,-19,-37,2,-1,-3,B
4,1,-3,5,-1,12,4,-1,B
-6,-31,-11,22,4,-7,11,-1,B
-8,7,1,-18,9,5,3,4,B
2,14,-2,-27,-23,-5,-11,-2,B
-10,-2,0,3,11,-8,-11,1,B
3,10,2,-8,-7,13,8,2,B
7,3,-1,1,-40,-5,-7,1,B
-2,-5,-6,-21,-16,5,-5,-6,B
6,7,-6,7,29,12,19,0,B
-9,7,0,8,2,7,14,1,B
-4,-3,-7,-20,-38,3,8,2,B
-20,-3,11,10,-15,-4,-9,3,B
-5,-2,-3,-13,-25,-2,22,1,B
-7,16,12,23,25,8,1,4,B
10,-8,0,-9,-31,1,4,1,B
-10,-12,-1,-7,-59,-11,-11,-1,B
-4,1,-12,-18,27,-3,-3,-1,B
-5,-3,-1,9,20,5,13,0,B
10,-1,0,-4,-30,3,-1,1,B
19,-16,0,35,18,-28,-1,2,B
3,-8,-6,-8,-15,-8,15,-2,B
-9,-13,-1,-11,-16,9,-10,0,B
-11,12,-2,11,14,-4,3,-2,B
15,8,-4,12,-10,-9,-2,-3,B
-3,1,-3,14,-10,1,6,4,B
-5,-8,-1,16,30,1,-14,1,B
15,2,-1,-1,24,-2,-2,-1,B
-14,-6,4,8,54,11,17,-1,B
2,-16,-2,-22,21,6,-14,1,B
-20,-12,-6,-15,-37,-3,-10,-1,B
-3,-11,-5,-4,-25,-4,9,3,B
3,-5,5,6,2,-2,-7,1,B
-12,4,1,13,31,3,-2,3,B
9,-13,-7,5,-23,4,12,1,B
-1,16,9,-31,-20,3,11,-3,C
28,65,23,-25,-11,4,17,22,C
-11,22,6,-8,-8,-5,8,5,C
-5,-8,8,13,-20,-9,11,6,C
13,-6,-8,-33,-37,-12,-20,-11,C
-10,3,10,-17,-17,9,-19,8,C
26,-7,5,24,-10,4,-15,5,C
6,8,-8,27,-29,-15,7,-4,C
5,8,4,17,-29,10,16,0,C
21,33,-2,-8,37,-3,10,2,C
-13,2,-5,-13,5,5,-11,-9,C
-17,23,-3,-18,-73,1,6,5,C
0,-10,-6,-25,25,-24,-27,-1,C
5,-4,13,-17,27,20,7,8,C
-17,28,-6,-20,0,-15,13,-12,C
-12,-10,9,12,-3,29,-18,0,C
10,1,-7,-26,-21,4,13,1,C
-4,19,4,9,49,43,0,0,C
-4,-29,-9,20,-46,-24,3,-1,C
-9,-37,-16,-39,23,-39,-23,-9,C
-6,14,-1,-17,2,14,19,3,C
-3,-15,0,-9,-38,-9,2,3,C
-3,-5,-2,-3,-66,6,12,0,C
-2,3,14,-28,14,-2,20,-5,C
18,-5,-5,15,-3,-5,-7,1,C
-25,-36,-2,28,-12,12,-21,2,C
-15,4,-5,-13,23,-3,5,4,C
3,5,8,-19,23,9,24,1,C
19,12,6,35,16,-11,-4,-6,C
-2,-16,-7,-8,-9,-23,24,0,C
2,7,-1,2,24,5,-23,-4,C
-9,-29,-5,-1,21,-3,3,-1,C
-5,-5,-4,-22,-12,6,5,-1,C
-3,-6,-4,21,-7,5,-49,0,C
-5,7,-5,-15,-6,2,9,-7,C
-22,-7,-7,18,1,1,-8,-13,C
20,-1,7,39,41,17,29,-4,C
-5,-10,2,-1,39,-1,12,-1,C
-9,5,7,8,5,-8,-38,-13,C
-10,-2,3,3,-6,1,-5,2,C
-11,-1,-2,2,-25,-19,-2,1,C
1,0,-9,-4,-10,2,20,-2,C
-13,-14,-2,28,-20,-3,6,20,C
-18,0,-2,-5,-19,1,-3,5,C
1,18,8,-3,-36,-2,6,-2,C
11,-5,-5,0,5,5,1,-3,C
4,4,1,-34,-14,2,-14,0,C
5,3,16,32,56,26,9,4,C
2,-3,-1,9,-9,-31,-4,-1,C
-4,-11,-11,-31,-55,-20,18,-8,C
7,17,9,24,9,21,7,-2,C
-9,19,5,-4,-31,-15,-26,-2,C
7,1,-4,12,-13,4,20,9,C
-8,-10,-1,-61,-46,-1,-38,-12,C
-5,-5,-7,-33,-53,-4,14,3,C
-11,-21,-16,4,-27,4,-7,2,C
10,1,2,10,27,-1,1,-5,C
-17,-8,0,-6,39,-7,5,-4,C
-7,-6,5,-6,23,-23,-33,-6,C
1,3,0,11,35,36,10,2,C
0,-1,17,-10,29,0,14,-1,C
11,20,18,27,29,3,0,0,C
3,9,-1,0,-30,-6,19,9,C
5,-7,-17,-13,-19,8,-20,-5,C
9,-8,-2,9,10,-11,10,1,C
-19,9,-10,-3,-16,-4,2,1,C
-3,-11,1,2,-4,-1,-4,-4,C
5,-1,-8,-70,8,-8,-21,-2,C
4,2,-2,5,-10,-3,20,0,C
-8,-6,-1,36,-30,5,-3,-5,C
4,6,-1,24,9,13,-11,-2,C
-12,1,9,10,-14,-13,1,-1,C
9,16,5,-10,-34,-4,6,4,C
3,-9,-7,-2,-23,-23,5,-3,C
3,20,13,12,33,3,-20,2,C
-4,6,-6,-8,-40,11,11,6,C
3,-3,-2,-43,12,-3,1,0,C
23,13,11,11,-3,-7,-11,0,C
-5,-36,2,53,35,9,10,2,C
-6,11,-3,-8,-1,-15,6,3,C
2,11,-9,1,-8,-13,-13,-1,C
-22,-14,-3,-3,13,12,6,7,C
10,6,-2,-9,-8,-17,-7,-1,C
0,-12,-5,-2,-9,-12,15,-1,C
-2,-8,-10,-7,18,-3,11,-2,C
-6,-6,-5,-16,-100,-17,-11,-3,C
-6,-1,-2,-10,27,18,3,-2,C
16,2,15,26,26,-10,-8,5,C
-12,33,6,13,36,0,-5,-8,C
5,1,9,10,6,22,14,1,C
2,3,17,-43,9,-2,-1,3,C
-3,27,-12,-14,15,9,29,-1,C
-3,8,-2,17,6,17,4,-9,C
2,2,-3,-5,-35,-8,5,6,C
6,2,-5,7,-7,-13,-23,-2,C
-1,17,0,1,0,-10,-22,-1,C
-9,-7,-8,-5,-11,-12,17,-7,C
-7,-15,-7,10,-21,-25,-5,-14,C
1,0,-4,8,14,5,-6,-3,C
-8,0,3,-9,26,26,1,2,C
6,2,0,-1,3,1,-12,3,D
0,-4,-13,-11,-28,-5,-9,-2,D
-2,-7,-10,-20,4,7,5,1,D
-4,3,1,7,-15,-4,7,5,D
9,-4,-1,0,8,8,12,3,D
-4,-14,-7,4,14,11,22,3,D
-2,-1,5,8,18,15,-1,-3,D
-1,17,14,-6,57,21,22,9,D
7,3,2,-3,28,11,5,-3,D
3,0,5,6,-17,-4,-5,1,D
-6,-2,1,8,-60,-10,6,-5,D
6,-19,0,9,14,26,9,2,D
1,-6,-7,-10,-3,-7,-13,-1,D
11,-5,0,-18,5,2,1,1,D
-31,6,5,24,6,-2,6,-5,D
15,-6,-5,0,4,-12,-18,0,D
15,3,9,22,23,5,2,3,D
5,-3,2,3,14,-2,-22,0,D
-10,-1,-2,4,-11,-2,-8,-7,D
4,13,-5,-7,17,-7,13,-3,D
-7,-2,0,3,-1,-3,-4,0,D
1,13,7,11,8,28,26,6,D
6,1,12,15,9,-4,-10,6,D
-13,-9,-5,-5,12,5,-23,-7,D
-5,11,-1,4,5,-6,-18,-5,D
5,-10,-3,-19,-5,-1,-2,-1,D
0,-10,2,6,26,9,13,-1,D
-7,8,5,17,12,-1,-15,-6,D
5,4,5,22,-18,8,22,8,D
9,2,1,-11,-30,-11,-4,0,D
5,1,-4,-13,-12,2,-3,4,D
-6,0,2,4,-19,-14,-6,-8,D
-3,-4,-4,-3,-32,-9,12,-4,D
5,-2,-7,-9,-13,-6,-5,-3,D
9,11,7,17,5,-9,5,0,D
-21,-12,-14,-10,1,-6,1,-3,D
5,-1,7,15,21,4,8,2,D
-1,-1,-9,-24,-48,-2,-2,-1,D
4,10,6,11,-17,1,5,2,D
-5,-3,0,-10,-2,7,7,2,D
-9,-4,-10,-1,31,-1,9,-6,D
-8,4,-8,-12,-37,-22,-22,-1,D
-1,2,-10,-6,23,4,-27,-13,D
11,-13,0,7,-2,8,29,6,D
-17,-4,-1,0,-6,0,8,1,D
-2,6,3,8,12,-1,-3,2,D
-3,-18,15,21,27,10,12,0,D
-2,-10,-11,-14,-31,-3,2,-6,D
-10,-5,9,16,11,8,14,4,D
-7,3,-6,-9,6,1,17,-1,D
0,8,1,-8,-81,-7,-2,2,D
3,-2,5,-11,-2,4,10,6,D
1,13,1,1,8,0,8,5,D
-14,-4,-3,2,27,-2,-6,-1,D
-1,-6,-1,-18,-6,7,6,0,D
-3,-5,3,13,24,10,-3,-3,D
-31,-7,-1,-10,-72,-25,-10,-5,D
5,10,-3,1,-6,-6,-15,-5,D
-12,2,2,1,6,-13,-16,-9,D
-9,-4,-12,-39,-41,-18,-12,-3,D
5,-4,-8,-5,-2,6,14,3,D
-3,3,-6,5,6,1,8,6,D
-4,3,2,5,30,2,-22,0,D
11,-4,3,12,40,-5,-17,4,D
-3,-5,4,10,6,7,11,2,D
-17,9,-6,-7,13,-9,-5,-8,D
-10,9,7,-15,3,8,-5,5,D
-6,4,0,2,-5,-5,-11,-3,D
86,-9,2,13,56,7,10,9,D
42,-5,-12,0,32,11,9,5,D
-19,4,-5,-4,-21,-1,11,-3,D
-16,0,3,-9,7,1,-16,-4,D
0,-1,1,3,6,-1,-16,-4,D
-20,-4,-4,-9,-53,-9,-2,-1,D
-1,-3,-4,-37,-15,-15,-28,-2,D
7,-5,-2,5,17,5,8,1,D
5,0,-5,-2,16,-2,0,-1,D
26,-9,-11,-15,-48,-33,-49,-3,D
-21,-3,-2,2,-15,-9,-5,-7,D
-10,-25,-7,10,12,5,-2,1,D
15,9,6,1,-10,9,36,7,D
-8,17,3,6,-1,-4,-2,-1,D
10,24,7,-1,16,7,0,5,D
22,10,11,13,53,8,-9,3,D
-12,-8,-4,2,17,3,-21,-2,D
7,4,13,-7,15,-10,-37,-5,D
51,3,-4,-10,-18,-7,-26,1,D
28,-5,-7,-7,-34,-7,16,0,D
17,-6,0,-3,4,3,4,7,D
-18,3,3,4,21,-3,1,2,D
-11,-1,4,-11,1,-11,-2,-2,D
-27,1,9,-14,-9,-10,-26,-9,D
-29,-2,6,-1,-26,-20,5,-5,D
13,-7,-3,-1,16,-6,-15,-2,D
-15,-9,1,-2,27,15,-9,-1,D
-16,-6,-7,10,31,-6,-21,-2,D
15,-4,0,9,-59,-6,13,3,D
20,14,-2,3,-9,-2,-8,0,D
24,1,-8,17,-21,-6,2,2,D
6,-4,-5,3,18,4,-3,-1,D
-1,4,21,32,4,-12,-39,33,E
-21,-9,1,10,-34,-5,6,-5,E
-3,13,7,7,-11,-11,1,4,E
-23,6,-2,-25,-62,-3,-3,-55,E
30,42,8,-40,77,43,1,-12,E
-7,9,17,25,52,31,5,2,E
11,2,6,19,24,23,-6,13,E
4,27,14,-8,-34,-42,3,4,E
-6,-17,2,4,70,2,11,-7,E
-12,-3,10,-29,-46,23,25,-24,E
34,7,-5,-24,-5,-4,5,6,E
3,5,7,-1,-11,11,-2,-2,E
-4,8,10,53,66,8,11,19,E
10,9,0,-6,-25,10,-8,6,E
-3,7,-1,-13,12,9,13,0,E
-5,12,10,17,-13,41,16,7,E
-11,-16,-32,-25,-112,-52,-14,-12,E
1,17,17,35,25,26,5,11,E
28,-3,-28,-59,21,-29,15,-4,E
-9,-8,-8,32,5,-13,4,4,E
6,2,7,-6,-12,-37,-63,-4,E
-13,9,17,15,6,6,9,-12,E
-5,-1,-1,-20,-31,19,-18,25,E
-20,-1,12,54,46,45,16,-2,E
28,26,28,61,19,12,6,-5,E
4,7,7,26,44,-2,-16,-3,E
7,-6,1,17,64,-9,-12,15,E
-9,-13,5,17,44,19,3,26,E
3,-20,-32,-83,-67,-50,-17,-9,E
59,25,16,5,37,21,37,26,E
-35,11,-14,-88,-71,1,-3,-18,E
-56,-32,-68,-105,-68,-46,-17,-10,E
19,-17,5,-14,-6,-24,-39,0,E
42,-4,-1,-11,-17,6,71,3,E
5,5,13,14,61,44,9,8,E
11,30,18,-6,10,12,20,2,E
-6,-13,-25,-42,-29,-3,14,5,E
-8,0,15,38,64,30,40,1,E
25,-12,-1,25,77,14,-18,-1,E
26,-13,-10,-20,-29,-28,7,-12,E
-21,7,16,27,26,12,-1,16,E
-5,-3,-11,-18,-28,3,-20,0,E
2,16,-17,-35,31,-1,0,18,E
1,6,-10,-23,6,-43,-36,-14,E
-19,-13,13,36,34,22,28,0,E
17,8,-1,6,-12,-8,1,-34,E
17,1,1,-11,-8,-14,-20,8,E
25,0,6,10,20,7,13,22,E
-1,-3,-4,7,4,-17,-53,2,E
-28,-12,5,33,6,4,19,5,E
-5,-17,-13,-48,-31,-32,0,24,E
28,8,-15,-47,-39,-11,-10,-16,E
-51,-19,1,12,2,3,-2,7,E
-33,2,2,17,-31,17,5,-21,E
10,10,19,21,40,25,7,-6,E
58,17,11,65,35,-4,-2,8,E
-39,-14,15,40,10,16,18,15,E
-29,-13,-16,-13,-24,-11,17,-8,E
-24,3,3,7,11,-5,4,-25,E
-8,-12,-27,-56,-43,-18,-19,-20,E
0,16,-4,-12,-46,-7,2,-2,E
13,-10,2,-18,18,9,10,2,E
-30,-28,-30,-39,16,-14,-9,7,E
19,22,17,47,44,12,-19,-9,E
7,0,-8,-3,-15,-9,41,5,E
42,-6,-6,10,11,6,2,16,E
7,5,9,17,21,9,1,-31,E
8,-3,16,48,-28,17,30,33,E
-27,4,27,51,66,24,-10,10,E
38,-1,-11,-13,-47,3,2,3,E
12,8,6,10,46,23,22,8,E
-27,-1,-7,-21,28,-25,0,-6,E
-10,29,-8,-11,-16,-2,-7,-6,E
31,23,10,11,-42,-20,-55,-11,E
13,-6,-1,2,-32,0,34,17,E
10,15,11,33,49,23,18,-48,E
27,-19,4,21,20,14,-12,-29,E
-25,-2,14,30,50,6,-31,7,E
25,-17,3,30,-11,-2,-11,7,E
0,3,3,32,44,4,-11,-9,E
38,18,19,54,26,13,26,11,E
-12,0,15,32,-31,28,-1,10,E
6,-5,2,1,18,11,9,-10,E
23,11,7,18,38,9,0,3,E
-10,-13,-13,-8,55,9,9,-16,E
-8,15,3,42,1,14,14,13,E
-7,13,2,8,95,-1,-25,8,E
11,-11,-11,-25,-97,-17,-17,5,E
-14,-19,3,11,32,-6,-13,-1,E
33,-3,4,15,74,10,1,-8,E
25,15,8,18,39,15,12,9,E
-25,0,4,4,-19,16,-17,-17,E
13,-1,1,-8,9,-4,29,1,E
10,8,-10,-13,-2,-2,7,-4,E
-36,-7,-3,-34,-19,-15,-5,-8,E
-17,-6,2,-3,-32,-1,-4,-8,E
43,4,7,35,23,6,8,-5,E
-40,-22,-5,-14,59,-11,-13,-39,E
-30,-9,-3,23,27,3,8,-8,E
58,-4,6,33,62,13,27,11,E
14,-1,5,20,25,5,2,4,F
0,-5,-14,-23,-6,-4,-9,-8,F
0,-1,5,23,18,10,8,3,F
9,-9,-2,15,16,2,-3,-1,F
6,-9,7,11,-12,7,8,10,F
13,7,4,-6,-5,8,0,5,F
12,-7,-3,-11,25,6,-4,-1,F
3,0,-3,-9,2,8,6,1,F
-5,-9,2,-13,20,3,0,-1,F
3,-13,-12,3,-6,2,1,-4,F
-1,-3,4,-11,-20,-6,7,1,F
15,-7,1,-4,-8,-8,1,-4,F
-41,2,-1,-12,-57,-6,-11,4,F
2,-2,2,18,38,-2,4,2,F
3,-4,-2,-15,-36,2,6,-6,F
-2,5,6,-3,30,9,3,-4,F
-11,6,-14,-18,-103,-20,-6,-13,F
12,2,-7,-36,-77,-33,-6,10,F
-18,-2,0,2,9,-2,8,1,F
2,3,5,14,12,15,-5,3,F
6,-2,2,11,36,10,2,3,F
7,1,0,1,28,7,3,-1,F
3,-11,-7,-1,-9,-2,-4,-4,F
10,9,-6,-11,26,-2,-2,-3,F
0,-3,-2,2,-10,-14,-1,3,F
2,6,-3,-10,-54,-16,2,3,F
14,-2,-4,15,-9,-16,1,11,F
3,0,0,5,13,-20,1,-8,F
11,7,4,-10,-20,3,5,-1,F
-2,-5,-5,1,-23,-9,-7,-9,F
-5,-11,-4,-4,14,-15,-7,-3,F
-13,-16,-5,-8,14,-10,-4,-11,F
-7,2,3,12,42,3,2,-2,F
0,2,0,2,34,5,1,1,F
2,-4,-3,-16,-25,-17,2,26,F
6,2,1,-13,-9,-4,0,6,F
9,0,4,20,17,5,-1,-3,F
5,8,8,13,-6,0,4,2,F
-14,-2,-9,-20,-44,-14,-4,0,F
-7,1,-2,1,-14,-25,1,0,F
-2,2,0,-7,13,-1,4,-1,F
1,-3,-5,-4,25,0,-5,0,F
-10,-10,-1,1,36,5,1,0,F
2,-10,-3,-15,2,6,3,1,F
-14,8,-2,-23,-2,19,3,2,F
-3,2,-2,-10,-22,-17,1,-4,F
-2,-15,-14,-26,-52,-25,-8,0,F
11,4,1,2,39,2,5,7,F
6,2,-3,4,25,6,4,5,F
-6,2,-2,0,-14,-18,-1,0,F
13,0,2,-11,-49,-13,1,3,F
-7,4,2,11,1,10,2,-1,F
6,4,6,5,-12,-2,-6,-1,F
-12,-5,-10,4,34,-1,-9,-4,F
-1,0,0,-1,15,13,1,-5,F
1,3,7,5,8,12,4,3,F
1,-4,11,15,13,-1,-3,-3,F
2,6,1,3,11,-4,-1,1,F
-1,-4,-7,-8,-23,-14,-2,-8,F
-7,-9,-6,-3,12,-7,0,1,F
8,9,-5,-12,-16,1,-1,4,F
-9,-10,-7,-10,38,-1,-3,-1,F
-2,-8,2,14,-4,-4,1,7,F
7,-8,-1,-11,-37,-2,1,0,F
3,7,3,7,15,11,2,-3,F
-5,-8,-1,-7,-19,-1,-6,0,F
1,1,2,20,9,-3,0,0,F
-9,-5,-3,-3,3,-1,-3,-5,F
-1,-4,2,-6,-13,6,2,-4,F
2,-2,-6,-6,10,5,-3,-4,F
13,2,6,6,-6,11,5,3,F
2,0,2,-1,1,0,-3,-1,F
-11,5,1,-12,-23,9,0,-2,F
-2,-4,0,-4,-42,-5,1,-1,F
-1,-3,-2,-10,-10,-4,1,2,F
3,-2,-2,-2,-26,-3,-2,-17,F
0,6,7,7,-22,2,2,4,F
2,-3,-3,-1,-13,-5,1,0,F
0,-5,-1,-2,12,6,-3,0,F
0,6,-2,7,45,13,0,0,F
11,-1,-1,-10,-3,7,1,-1,F
-3,1,3,3,5,10,8,2,F
4,1,-6,-12,-39,-9,-2,-5,F
-7,-4,-11,6,60,-7,-5,-4,F
-2,4,3,3,-10,10,1,2,F
6,11,10,18,13,9,6,4,F
7,-17,-10,-3,4,-11,-7,-2,F
4,3,1,3,0,1,1,1,F
2,-1,0,6,10,8,2,1,F
-6,2,3,5,-5,-3,2,-1,F
-10,-6,-9,-26,-36,3,-4,-7,F
6,7,10,27,7,6,2,1,F
-7,-7,-3,-6,-20,-5,-1,-3,F
6,4,11,40,63,8,8,4,F
11,9,6,8,12,-2,1,-1,F
-11,-6,-6,-8,-26,-1,-27,-6,F
0,4,7,-1,56,13,6,0,F
1,2,5,18,35,8,-1,-1,F
-2,-3,-4,3,-14,-3,2,0,F
2,-7,1,8,32,3,7,13,F
-12,0,4,10,7,-32,-11,-1,G
-9,5,6,21,10,72,-20,2,G
-4,-2,3,18,-2,21,22,1,G
-1,-1,1,7,43,-41,-23,-5,G
-7,0,2,4,-7,-46,-8,-7,G
-5,-3,-2,9,40,-61,-14,-1,G
-6,0,0,-6,-42,34,3,7,G
0,2,6,-25,-27,-62,-30,2,G
0,-5,-1,-3,14,29,10,4,G
4,-10,5,21,11,-14,11,3,G
11,6,8,18,53,19,27,15,G
0,-5,-6,-16,-22,19,-27,4,G
-9,7,2,5,6,6,16,-7,G
2,-1,-1,21,12,-54,-8,2,G
-8,-8,-7,-31,-87,-25,-18,-12,G
0,-2,-1,8,-10,35,-20,2,G
4,1,4,37,50,21,-2,2,G
-4,-2,-1,10,-23,-27,24,-4,G
0,7,7,4,8,-20,-7,1,G
3,11,5,-4,-7,30,-10,3,G
-1,-1,2,3,7,2,3,-3,G
-1,-13,0,6,11,59,-12,0,G
-6,-2,-5,-5,-6,10,14,-4,G
-1,2,2,5,-3,-32,-4,0,G
0,-4,2,11,39,36,-13,-4,G
-5,-4,-9,-10,-16,-14,2,-2,G
8,4,3,-2,27,40,16,10,G
0,-2,-2,-5,-28,-13,18,4,G
0,-6,-6,-7,-46,-16,-6,0,G
-5,-1,4,0,4,16,-20,-16,G
-1,-1,2,12,27,-43,2,4,G
-5,0,-7,-29,-12,21,1,3,G
-1,-2,-6,-14,-22,87,1,1,G
-8,0,-3,-12,-31,-15,-32,-12,G
4,-5,-1,-8,31,-52,4,3,G
-4,-3,-9,-16,-41,67,7,-9,G
-1,-2,-2,8,29,8,-14,-4,G
-2,1,2,20,14,7,4,2,G
0,-1,0,-5,9,29,-25,0,G
-11,-3,-2,5,-52,41,-8,-2,G
3,1,3,2,32,-13,7,5,G
-2,-1,4,19,4,-2,11,6,G
11,5,5,11,-17,11,10,-3,G
1,0,-2,-10,-23,-24,-2,-6,G
-5,-6,-7,-16,-21,-7,-6,-3,G
1,3,3,17,21,19,-6,3,G
1,1,-1,-2,58,65,9,2,G
-1,2,-2,-3,-26,-16,-5,-10,G
-3,-3,-3,-13,-56,-47,-10,-4,G
-3,1,-2,8,-3,41,11,-5,G
4,-1,4,13,0,5,3,10,G
6,-2,-2,9,-13,8,-5,1,G
-3,6,0,-1,-34,-43,-12,-2,G
-2,-2,-2,-8,-13,24,-7,-2,G
-3,-6,-5,-13,-25,-6,0,-7,G
-21,-7,-11,-49,-87,-22,-17,-14,G
7,-7,6,26,37,-18,10,8,G
-2,4,7,28,30,3,5,1,G
3,-2,-6,-13,-13,-62,-1,1,G
-2,0,-4,9,-6,13,6,1,G
-1,-7,6,16,31,-29,-15,6,G
-5,-2,-6,2,-20,-11,4,-4,G
6,4,0,-2,5,-40,-27,8,G
0,-2,-3,-5,19,80,-2,-10,G
3,3,1,11,12,-8,2,-2,G
-3,5,2,-4,44,5,10,-4,G
12,-6,-4,7,-21,-31,-2,3,G
1,2,0,11,-15,-21,-6,6,G
-10,-4,0,8,3,-68,-5,-9,G
0,-3,-4,8,-20,-57,-22,-3,G
1,10,6,21,-44,14,12,8,G
1,4,7,-8,2,-32,5,1,G
1,21,10,4,22,1,-3,0,G
3,5,-1,11,4,-2,11,2,G
-7,-3,-1,-10,-54,-6,1,-11,G
8,-5,2,10,38,-22,2,5,G
3,22,11,37,28,-45,7,-6,G
-8,-11,-8,-18,-25,-27,0,-3,G
-5,-14,-5,24,6,24,-7,-11,G
-3,-13,-1,-1,46,-36,-6,-4,G
5,17,13,11,10,-3,-1,4,G
-1,-2,-5,-9,-18,-10,1,-3,G
-2,6,3,3,-14,-3,0,-5,G
-8,7,-6,-28,6,-4,6,5,G
-3,3,-3,10,-77,-21,8,-1,G
0,-2,6,-1,-13,-16,10,-4,G
-5,-1,-3,1,8,37,3,-7,G
6,12,2,-21,-35,-77,-3,5,G
2,-1,-4,-8,-6,-25,8,2,G
0,-2,1,-7,0,0,1,-2,G
-6,7,1,1,-2,23,12,-5,G
2,-6,4,10,-1,-48,-10,3,G
0,1,1,17,48,-18,8,0,G
-3,-12,-7,1,9,-38,-8,-2,G
-5,-2,-8,-9,-10,-40,1,-4,G
-4,-2,-4,7,-9,39,3,-4,G
3,0,1,-7,-10,18,8,6,G
-2,15,0,-1,10,59,10,-2,G
-5,-11,-4,1,7,-21,-27,-15,G
-23,-16,-9,-4,10,-41,-18,-18,G
-9,-5,6,41,100,52,-4,-13,H
1,7,10,13,45,18,-1,4,H
3,0,5,-12,-58,8,3,1,H
-1,5,6,8,11,17,4,3,H
-1,-5,-10,22,-11,-33,-8,7,H
-1,2,3,6,2,-11,5,18,H
-2,-18,-6,-9,14,-17,7,9,H
31,-4,-12,-4,-16,-60,-25,-52,H
21,12,11,-6,10,-10,4,7,H
33,5,8,3,68,8,0,13,H
-17,-3,-13,-32,-86,12,-5,-5,H
-7,3,6,9,24,5,8,12,H
-15,-18,-39,-61,-88,10,-18,-13,H
-22,-7,12,14,78,5,7,-1,H
7,0,0,-14,-56,52,3,8,H
13,6,4,-10,-23,16,-2,-2,H
-8,-9,-19,-37,-56,-2,-10,-12,H
4,3,5,17,35,23,1,23,H
2,6,7,34,1,9,5,-5,H
5,-5,-5,-13,-48,13,4,-6,H
1,6,8,6,50,-22,-1,14,H
53,5,-6,-15,65,26,2,-6,H
-1,5,12,48,68,-2,-4,16,H
17,-2,18,61,25,-20,1,9,H
-12,-4,6,10,12,10,0,-1,H
-1,-5,-6,-33,-92,8,2,7,H
9,-5,-1,19,-24,4,-7,-19,H
-1,1,2,5,12,8,1,0,H
-37,-5,-10,-8,-28,36,8,12,H
4,9,11,-12,65,-64,-9,-5,H
-6,-11,-16,-67,-46,1,-7,-13,H
-17,-13,-20,-42,-76,-26,-17,-5,H
-9,3,7,7,-9,-8,-8,-1,H
17,7,15,12,63,0,8,5,H
16,0,4,26,33,5,-9,-4,H
-6,-11,-22,-72,-85,-16,-7,-3,H
-1,-7,-15,-55,-50,-7,-2,-1,H
15,13,17,52,40,5,8,9,H
5,-4,-2,-27,-57,4,-1,2,H
-10,-5,-7,11,48,53,0,-19,H
-19,-8,-9,5,92,51,-1,1,H
6,-7,-10,-8,80,-9,-4,-20,H
-26,-3,-1,-10,-17,-21,-7,-1,H
-10,6,10,-1,11,4,2,3,H
8,3,1,4,63,4,3,8,H
-3,-7,-2,1,-28,-21,0,10,H
0,7,8,29,4,10,5,8,H
-10,13,15,18,42,36,7,-1,H
4,-5,-1,-4,-29,-14,-12,-16,H
-7,11,-2,-45,-90,-7,1,-10,H
-7,-12,-7,1,-20,4,-11,-16,H
-6,7,-2,-14,-6,2,3,3,H
7,-8,3,18,75,18,7,2,H
-2,-7,-11,-14,-51,-1,4,4,H
-6,-3,0,7,40,3,-7,-7,H
-3,-7,-5,-12,-17,-8,-3,-1,H
4,15,4,-9,-13,-16,0,7,H
5,2,7,29,24,22,5,15,H
4,12,17,35,31,-11,6,2,H
6,2,4,-11,-69,-7,-11,-5,H
-8,-16,-16,-32,-84,2,-2,2,H
2,3,3,18,21,-4,1,-4,H
1,-1,-4,7,-18,-13,-2,3,H
1,4,5,4,7,11,2,2,H
10,-4,-1,8,-49,-34,1,9,H
-5,-1,-9,-49,-86,7,0,-3,H
2,-3,-5,5,-4,-24,5,9,H
0,-4,2,16,17,16,1,2,H
1,3,3,20,33,1,-7,13,H
-4,7,2,1,40,31,0,10,H
-37,-5,-4,-2,5,40,-3,-19,H
-10,-11,-16,-17,-76,-13,-6,-5,H
1,-2,-4,-13,30,5,2,4,H
1,25,14,1,-21,20,1,0,H
5,-7,-15,-29,-3,-16,-6,4,H
1,-1,3,4,3,31,8,-1,H
-2,1,5,4,-8,-18,-5,-4,H
7,2,-10,-52,-108,19,-2,-2,H
-20,-10,-6,-26,-67,-17,-5,-8,H
13,0,1,32,99,14,5,0,H
3,0,5,1,-15,19,0,-4,H
-18,2,3,-2,-31,-53,2,3,H
-6,1,6,3,-17,6,-7,-9,H
1,14,3,-14,-63,30,0,-10,H
-1,3,11,45,77,-2,4,29,H
2,1,11,35,77,-2,2,14,H
-26,-6,-11,-30,-12,-2,-2,1,H
-7,6,3,-1,1,-11,2,1,H
-15,12,11,22,28,15,-4,-7,H
6,-6,-7,-17,-27,-46,-2,6,H
7,-1,-5,3,48,8,4,-10,H
40,-2,-3,-1,5,18,5,-7,H
-4,-3,-3,-20,-45,-13,-1,3,H
6,1,7,-2,-67,6,8,13,H
-10,-15,-24,-83,-61,6,-4,-4,H
-7,-2,-3,10,-3,43,6,3,H
-4,-4,-8,-13,-49,-1,-6,-20,H
2,-6,3,14,-26,19,0,-4,H
-10,-4,-1,13,11,-18,-2,-9,H
3,10,16,38,34,47,5,21,H
6,-3,2,-1,7,1,-2,-1,I
0,-2,-2,-5,-11,-7,2,-3,I
-8,-5,-1,-11,-2,-3,1,-8,I
-1,2,-1,-1,18,-2,-1,0,I
-5,5,-3,-2,18,5,5,-13,I
-8,-3,-5,2,-8,-7,-2,1,I
-4,1,-3,-6,-10,-4,-2,2,I
-4,-2,3,-3,5,-2,-4,-4,I
10,7,4,4,10,2,1,4,I
-2,2,-1,-5,-4,1,3,1,I
1,10,-5,-9,4,-7,-3,-11,I
-6,-4,1,15,-6,-2,-4,-2,I
-2,0,0,-5,-8,-14,-7,-1,I
0,8,5,0,-3,3,2,2,I
-1,-3,-7,-2,10,-1,-1,3,I
-31,-7,-2,1,8,3,3,-9,I
-6,-10,-2,1,-13,1,-1,-7,I
10,-4,-1,9,6,-5,-2,-1,I
-4,0,-6,-1,-61,-15,-5,-3,I
-1,-4,1,-1,-2,5,1,-2,I
-3,3,-1,-6,7,8,1,1,I
-11,3,0,12,4,-1,-4,-9,I
-10,1,-2,-2,-9,-5,-3,4,I
-3,-10,-5,-11,-13,-9,-7,-2,I
-3,-4,-2,1,4,-2,-1,-3,I
-3,5,-1,-3,-5,-6,-1,-4,I
1,-2,-1,-4,2,4,1,-4,I
-17,-1,-4,-12,-1,-2,-6,8,I
-7,-2,0,6,-2,0,1,2,I
7,6,-2,0,5,0,-1,0,I
14,5,-3,1,17,10,4,7,I
-1,1,2,0,-2,2,0,-1,I
-5,-24,-6,-4,0,-2,-2,1,I
9,3,0,-8,6,-4,-1,5,I
2,3,2,5,10,2,-1,-5,I
-1,-4,-4,-7,-34,-14,-4,-1,I
-7,-2,-3,-1,-12,-10,-3,1,I
-6,-3,1,10,3,1,0,3,I
3,6,-4,-1,-7,-7,-2,2,I
-18,-22,-9,5,8,-1,-2,-1,I
18,1,-3,0,-2,-3,1,3,I
1,-1,7,16,20,16,3,-3,I
8,1,1,-1,14,4,2,-1,I
3,8,5,-2,-8,-4,-2,3,I
-2,9,-5,-6,-14,-2,-1,2,I
1,1,-4,-12,0,-2,-4,-5,I
12,1,3,4,16,4,0,5,I
0,-2,2,4,5,4,5,4,I
-10,-6,2,0,4,4,-1,-6,I
-10,6,4,-1,-7,5,5,2,I
-3,-8,-4,5,12,0,-7,2,I
-7,0,0,6,11,5,3,5,I
19,10,1,11,2,4,3,0,I
-8,-6,-2,0,-11,-3,-1,-4,I
-7,3,2,4,4,-6,-6,-4,I
2,-1,-2,4,0,1,2,1,I
-4,-5,-2,-2,-1,0,1,3,I
8,-7,-1,-12,-5,-2,0,0,I
-4,0,0,5,-16,-2,-2,0,I
1,3,2,-1,9,-1,-3,-4,I
-1,-7,-3,1,4,3,-2,-2,I
1,16,9,15,11,10,3,3,I
3,-3,-2,-3,-6,-2,-1,2,I
2,2,1,-6,2,-6,-6,1,I
-7,-10,-5,-4,4,-2,-4,-2,I
8,-1,-3,-5,-5,-1,-2,0,I
0,-2,-4,-10,-49,-8,2,0,I
-11,-11,-5,0,16,4,3,-1,I
-4,-4,-1,-3,4,2,2,-1,I
1,10,0,-7,-6,-8,-2,5,I
9,7,0,-10,-1,0,0,0,I
15,-2,-6,-12,-22,-19,-10,-3,I
-6,-2,3,13,35,11,4,-1,I
4,-1,-4,-4,8,5,-1,0,I
-7,11,8,5,14,1,-1,-2,I
10,-8,-3,0,2,2,3,1,I
5,-3,-2,3,-9,-4,-5,-3,I
-4,-9,-5,-17,-15,-16,-7,-4,I
-2,-1,0,3,11,-1,-2,1,I
3,-1,0,7,-11,0,0,-1,I
-4,-1,3,5,3,5,3,-2,I
6,7,-2,5,-3,-3,-1,-2,I
-11,-1,-3,-2,2,3,6,-1,I
-9,-5,-2,-5,-4,-8,-1,-3,I
4,-11,-10,-9,-2,-3,-2,-1,I
-20,26,1,1,-4,1,-1,-1,I
-4,12,4,5,-2,-1,0,-8,I
1,-8,4,-1,-2,-4,-8,-2,I
-14,3,-3,5,8,-4,-7,-6,I
-11,-8,-4,-5,3,-1,0,-1,I
5,-4,-2,-5,4,-10,-3,1,I
1,2,1,5,21,8,7,1,I
-1,-12,-6,-5,1,-2,-1,3,I
4,7,-3,-1,5,3,1,4,I
-12,-1,-6,-6,10,3,-2,-3,I
1,-10,-6,-6,9,-5,-1,0,I
10,3,3,1,16,7,3,6,I
2,4,0,7,12,4,2,-3,I
1,-1,-7,-13,9,1,-1,1,I
3,0,-1,15,-2,2,-1,4,I
2,-6,-7,-22,-30,-7,-4,-14,K
6,-5,-5,-5,-15,-1,1,-5,K
3,8,2,30,57,2,3,8,K
9,14,-5,-5,-34,-4,0,8,K
-3,1,0,-7,-4,-4,2,2,K
5,3,1,-1,-68,0,5,7,K
-4,-4,0,3,9,0,4,10,K
2,-1,5,43,79,8,-13,-48,K
2,-2,3,19,64,-3,4,-1,K
-7,-2,-2,-16,13,-2,-5,0,K
3,-2,1,-19,-54,3,-2,-13,K
1,0,4,20,65,7,0,0,K
5,8,-4,-12,-57,-7,2,11,K
10,3,3,5,7,9,-3,5,K
-4,-4,-2,4,6,-1,-1,6,K
5,-1,-9,-31,-77,-14,-2,12,K
4,1,1,21,21,0,0,12,K
-6,-1,0,-7,5,-4,-4,-15,K
-3,0,-1,-3,-1,-7,0,3,K
5,-6,-8,-22,-54,-3,-4,10,K
-5,-1,5,-6,-4,4,-5,-20,K
0,-5,-5,-6,40,-6,0,4,K
-17,4,5,12,38,3,0,-12,K
5,-4,1,13,31,4,1,7,K
10,5,-1,-3,-23,-4,-3,-10,K
9,2,0,-4,8,-3,1,23,K
-1,2,1,-15,-11,1,1,1,K
-1,0,4,17,53,11,2,-4,K
0,-4,-3,-5,-16,1,1,-9,K
-11,2,5,21,3,-2,-5,-14,K
6,-2,0,7,32,-3,-2,10,K
12,-1,-1,-2,18,2,-2,-4,K
14,11,2,-7,-33,-1,1,4,K
-13,-3,1,11,25,-3,1,-20,K
2,-6,-2,-17,-3,-2,0,-5,K
9,7,2,2,1,2,7,26,K
-3,-4,-2,-2,28,0,0,-5,K
2,1,-4,-11,-35,-5,0,21,K
7,1,2,0,-29,-5,-3,8,K
1,-3,-4,-3,7,-1,0,-32,K
-1,-4,-3,-12,-13,-3,-2,-32,K
0,2,3,17,53,2,0,-3,K
7,0,-1,3,-47,-3,2,4,K
4,2,0,18,11,1,1,-2,K
-2,1,3,3,55,3,1,4,K
-15,-2,-4,-1,16,-1,-4,-24,K
-3,-1,3,22,9,5,3,2,K
2,3,-1,2,-9,-1,-2,-11,K
0,0,-7,-24,-34,0,-4,-1,K
-9,-2,2,19,2,-1,2,0,K
-9,-9,-6,-4,7,-1,-4,-3,K
-8,2,-3,-10,-7,-5,-15,-36,K
5,-1,0,13,-1,-2,-2,9,K
-11,-6,0,-8,6,1,5,10,K
12,-1,-4,-6,-1,-5,-7,13,K
-5,2,5,25,12,3,0,5,K
3,-2,3,20,41,3,0,-11,K
-7,-5,-7,-3,-16,-1,2,31,K
0,-3,1,-12,19,-1,2,20,K
-2,-3,-2,6,13,4,2,-4,K
-6,-4,-2,-12,-20,-3,-5,-22,K
10,8,-3,5,-9,-9,-1,-6,K
0,1,-1,10,3,-3,-3,-30,K
1,1,2,6,4,-1,-2,8,K
0,5,1,0,-15,3,1,4,K
0,1,2,17,45,7,1,-16,K
-1,-3,-1,14,12,3,-6,-25,K
-10,-5,0,-1,-4,4,7,3,K
0,-7,-7,-17,-30,-4,3,-2,K
4,8,-1,-4,-3,-1,-1,1,K
1,3,4,8,41,-1,-1,-2,K
-8,1,-2,2,-6,-3,-6,0,K
0,0,-3,-18,-3,2,3,2,K
-2,-7,-4,-13,-43,-4,-8,-5,K
-2,4,2,6,29,2,2,12,K
-12,2,-3,-9,-39,-4,-3,-22,K
12,-2,0,-11,-47,2,1,0,K
4,-1,-2,-5,8,-1,3,4,K
-9,-3,0,-2,9,0,1,0,K
3,-5,0,2,14,2,0,-9,K
1,-2,-3,-33,-16,2,3,9,K
-1,3,1,1,11,3,0,-13,K
7,4,1,1,-3,-4,-2,-12,K
-7,0,-1,3,-14,0,-1,0,K
-5,3,0,5,20,-3,0,8,K
9,-1,-2,-10,-34,-2,0,-3,K
6,-1,-5,-8,12,-3,-3,-9,K
-4,3,4,21,58,5,2,-2,K
5,1,3,1,17,1,2,13,K
7,6,-4,-7,-60,-4,-4,-4,K
-5,-8,-7,-28,-67,-1,0,-14,K
-21,-5,-3,-4,5,-6,-3,-11,K
1,1,-2,4,7,-4,-2,8,K
3,3,2,-1,1,-1,2,3,K
-7,-1,0,12,29,-4,-1,-3,K
-1,4,-6,-19,-3,-2,1,-7,K
7,-5,0,-4,-51,0,0,2,K
-22,-2,-1,-13,-32,0,-1,-11,K
10,5,-3,-2,1,-2,1,6,K
-4,3,4,15,19,4,-1,3,K
-14,2,-1,-7,9,-8,-1,10,L
24,4,3,2,-2,-30,0,9,L
-8,-9,-6,-13,-2,12,-4,5,L
-7,11,-1,0,-28,-3,-12,-12,L
-4,11,3,5,-7,-4,-13,-5,L
-24,7,6,6,13,8,-4,-9,L
7,14,6,10,10,2,-3,5,L
9,11,3,0,24,17,-4,0,L
29,-1,0,7,-8,11,12,6,L
7,10,0,-1,7,36,14,6,L
-4,17,-1,6,-4,1,7,0,L
-6,-20,-5,-3,26,-16,4,-4,L
5,7,0,-3,-17,34,-1,-15,L
16,-10,-3,-1,-25,-5,-1,22,L
12,-4,-8,-15,27,28,1,9,L
8,5,-4,-3,14,10,27,10,L
-30,-14,-2,-5,26,6,-10,-18,L
22,6,1,5,12,3,-13,11,L
8,9,2,3,2,2,-1,1,L
-18,-12,-9,1,-7,7,-1,-7,L
-14,-12,2,10,10,-8,-11,6,L
-2,10,6,15,8,-21,-5,2,L
20,-7,5,3,-9,8,-17,0,L
41,1,-2,-3,39,5,-4,19,L
0,1,0,1,11,-9,16,6,L
-10,-8,0,-9,30,18,5,-19,L
-2,1,3,6,-8,25,17,-3,L
-69,-13,1,5,-7,-5,1,-1,L
3,-16,-1,-1,-4,-26,1,14,L
-21,-7,-3,-1,7,-23,5,-16,L
5,5,-1,9,-7,25,9,-6,L
-3,0,0,-9,16,37,7,13,L
15,3,-9,-13,27,-2,5,-22,L
13,7,2,5,27,0,0,14,L
-2,-25,-2,4,11,2,4,-15,L
14,-11,-8,-7,-17,4,10,7,L
-7,3,-7,-10,1,13,3,5,L
9,15,3,-3,-13,-20,6,19,L
-5,-8,-5,-13,-20,25,-20,1,L
21,-1,-2,-6,9,-39,-7,0,L
-18,-5,0,2,2,-5,-7,-18,L
-49,9,4,0,7,-4,16,-5,L
1,-5,5,17,37,5,-7,-15,L
26,4,2,6,-3,0,19,4,L
5,-1,-2,-3,-2,-10,7,21,L
20,1,1,-9,21,22,-7,23,L
-3,-7,1,7,9,-2,17,2,L
-7,4,-1,8,-21,2,-2,-12,L
18,4,-1,-5,21,25,7,11,L
17,4,2,8,16,5,0,7,L
-4,-1,0,0,9,-12,0,-15,L
-24,5,-7,-8,-44,9,3,-4,L
-3,-3,-2,4,11,-46,-6,-9,L
18,-11,-4,-9,-14,9,4,12,L
-19,-5,-3,1,10,0,3,-3,L
15,-6,-7,-11,-6,-46,-17,-7,L
-2,10,4,12,15,-3,1,3,L
2,3,-7,-3,-35,11,-3,-5,L
-29,-22,-6,-1,-6,14,-6,8,L
6,7,4,18,8,-8,-1,1,L
0,-16,-1,-2,-3,4,-13,0,L
16,-3,-5,-12,-6,-14,10,11,L
0,-1,0,3,-17,-6,-13,-4,L
31,5,3,5,-7,-32,0,22,L
18,-6,-3,-2,1,0,2,1,L
13,-3,-4,-9,-2,6,-9,5,L
24,28,5,21,11,15,5,2,L
-5,-13,3,5,-36,0,5,5,L
35,11,1,-1,16,0,15,9,L
14,2,0,2,-11,-33,-7,-13,L
5,13,-2,-5,21,31,-17,-29,L
8,-18,0,-1,14,7,7,-1,L
14,1,-3,9,-15,-9,9,20,L
-19,-3,0,-12,-6,-3,9,-2,L
2,-4,0,5,3,-19,-8,-5,L
-6,-9,1,4,-24,19,-2,-2,L
-17,-4,-8,-17,8,-44,-14,1,L
-24,9,-2,-2,-21,-25,-9,-34,L
-2,-5,3,4,-1,2,5,3,L
-6,0,-7,-16,-32,-18,-7,-19,L
-11,-6,-2,5,0,23,5,0,L
-8,-1,5,6,-9,7,-3,-8,L
25,-5,-2,2,-32,-16,14,48,L
-22,1,-4,-3,-7,-1,-19,-11,L
-12,9,0,-6,5,4,3,-5,L
13,9,3,5,4,-13,6,-5,L
9,0,-2,5,-11,-43,-1,6,L
3,-2,-2,15,15,22,7,9,L
-15,-7,-2,-2,20,3,-5,-13,L
-18,-10,-4,-2,24,21,16,-14,L
8,-13,-1,-4,-12,6,-1,-2,L
-2,-4,1,-8,-22,-10,-5,-3,L
11,9,-8,-29,-35,-6,-5,-1,L
20,-8,-5,-2,36,2,7,12,L
-5,1,-1,6,-12,-31,4,-1,L
-4,14,10,14,15,28,14,1,L
10,-3,-4,-5,14,15,-5,-5,L
-14,-15,-8,-1,-24,0,-6,2,L
3,-3,-4,-7,19,2,-5,3,L
-1,-17,-3,3,-10,-21,0,-3,L
-17,-7,-6,1,-3,-26,-83,-9,M
24,0,-5,-3,-3,-30,2,3,M
16,1,2,-1,-3,-44,-40,7,M
-3,-5,-9,3,-3,-11,-39,-9,M
-1,2,12,-15,-4,13,-1,-3,M
3,1,4,5,-2,-25,-22,2,M
-29,-6,-10,13,-2,-48,0,-3,M
19,1,2,0,3,6,-20,1,M
-8,0,1,-42,11,6,-14,-12,M
-30,-4,-3,-3,-6,16,44,-8,M
2,-2,-1,-5,1,2,3,9,M
-43,-4,-4,17,5,4,8,3,M
19,4,-2,-18,1,-14,-14,1,M
-1,4,2,10,0,-16,-24,-7,M
-8,-2,0,-21,-8,-17,-43,-18,M
7,1,2,1,1,-7,8,-2,M
19,3,-1,-11,4,21,34,9,M
-23,-1,2,-5,6,-5,-3,-10,M
20,4,5,10,2,-4,6,5,M
-20,-5,1,4,12,-21,-45,-17,M
3,-1,2,-10,2,13,13,-2,M
12,0,0,-5,-7,-2,-4,8,M
-10,1,0,9,0,8,17,5,M
-2,1,0,6,4,-1,-8,2,M
-1,2,5,-9,-2,6,-3,3,M
-23,0,1,23,1,-15,25,-1,M
-21,-2,5,5,3,8,-62,-8,M
-2,-5,-1,13,3,-14,-5,1,M
5,1,3,4,0,-18,15,16,M
-18,-1,-2,-9,10,5,7,-10,M
-25,-4,4,17,-7,-2,-7,-8,M
-24,-3,-3,-2,6,12,-2,-13,M
16,0,0,-5,-5,5,0,3,M
-13,-6,-4,-4,1,-21,-19,1,M
-5,-4,-6,-3,-3,4,0,-6,M
26,2,-3,6,-3,-6,-9,9,M
-11,-7,-3,10,5,3,-2,-9,M
6,5,2,-6,3,0,17,-5,M
6,2,4,-15,-6,-3,-67,-22,M
12,3,1,4,-2,-4,0,-8,M
-11,-2,0,-44,-19,-31,15,-14,M
-6,2,0,1,-3,-1,-7,12,M
19,-1,-1,4,3,16,-27,10,M
-3,0,-3,8,-1,-30,-6,-9,M
0,-2,-1,-2,11,2,33,9,M
8,4,1,4,-4,12,18,-4,M
-8,-2,-8,-9,-4,-13,11,-4,M
-3,-3,-2,6,2,14,0,-1,M
6,2,2,4,1,-5,-11,-5,M
24,0,-1,1,-2,6,-20,-3,M
-14,-3,-3,-39,-5,9,-13,-11,M
-7,2,-1,-2,4,8,34,3,M
20,-1,-4,15,3,1,15,15,M
-21,-7,-3,-6,-1,17,-14,-7,M
6,1,-5,-7,-2,-4,8,7,M
-7,-1,0,7,3,11,25,1,M
5,-4,-2,5,3,1,-17,-8,M
-3,3,5,8,5,22,0,7,M
-5,0,-6,-8,-18,-8,1,-11,M
-17,0,2,8,-5,-2,-26,-20,M
5,0,0,7,-2,-3,1,5,M
-9,2,3,7,2,-15,-1,5,M
4,-1,1,-13,-5,-21,10,-3,M
28,0,1,3,6,10,9,24,M
-7,-2,1,10,7,15,-4,10,M
15,0,-3,1,6,-5,-4,6,M
-13,-8,-9,-4,1,-10,4,4,M
-15,-3,-5,27,4,13,19,0,M
-3,-5,-6,-3,-9,-25,-17,6,M
-9,0,-2,7,-3,-16,-14,-28,M
9,-2,-4,3,1,-7,-10,21,M
9,-2,-1,17,2,6,10,-9,M
-46,-4,0,1,5,7,8,-23,M
10,6,1,-14,-3,8,3,2,M
-19,2,1,4,6,-7,18,-9,M
24,0,1,15,11,19,-2,7,M
1,0,5,20,-1,3,6,-2,M
17,4,-2,14,5,14,0,3,M
12,1,3,12,-3,-13,-13,17,M
0,1,1,-12,-13,-27,-9,-21,M
3,-1,0,-2,-1,18,13,10,M
3,-2,-6,-34,4,-2,-20,-1,M
15,2,2,-7,-7,4,11,7,M
13,-1,-7,-21,-9,-8,14,15,M
21,-1,-1,10,1,-2,18,9,M
10,1,-1,15,3,-5,0,11,M
-22,-1,1,0,-10,13,19,-2,M
1,3,-2,3,-7,3,-35,2,M
-17,-5,-10,-20,-7,-14,-19,-11,M
-20,-3,1,3,-7,-42,-51,-11,M
-3,-2,-11,-26,-4,-39,-2,-17,M
-21,-6,-2,-4,-3,-48,-6,-15,M
-6,4,7,8,-5,-8,-14,-10,M
-8,1,-4,9,-10,-5,-19,-8,M
43,5,-6,15,11,0,27,17,M
9,1,1,7,2,29,16,8,M
1,-1,-1,-27,-4,15,-1,-2,M
4,2,-1,-7,1,9,-2,1,M
-1,5,2,-11,2,34,1,-2,M
8,3,13,-30,-4,2,8,10,M
47,6,10,10,-2,-2,-2,16,N
1,2,-4,22,6,-7,-18,-8,N
-5,4,2,1,-3,2,9,9,N
18,-1,-4,7,-3,-13,-3,7,N
52,-3,-6,-14,-6,-18,-19,14,N
-8,3,2,-65,-10,13,-6,9,N
3,3,8,30,1,-10,-29,-10,N
-18,-6,-7,-12,-4,-6,2,0,N
25,1,16,-2,2,12,-5,-1,N
-11,-4,-1,10,0,-8,-11,-11,N
0,-3,-9,26,-1,23,8,9,N
-1,1,-5,26,9,20,15,1,N
9,5,2,-49,2,17,20,-8,N
36,3,2,9,-4,4,-10,-1,N
-14,-6,-7,9,-9,-5,-3,-14,N
-14,4,8,-29,-10,-28,-14,-5,N
40,1,6,21,9,3,-15,15,N
12,2,6,8,13,12,8,3,N
21,1,4,-26,-6,-1,-9,2,N
8,-3,-6,-19,-11,10,-16,-1,N
-22,-1,-10,20,8,18,3,1,N
-9,-4,-5,-11,0,-2,14,-6,N
-10,-1,1,-21,-6,-36,-14,1,N
-2,-5,-2,8,2,-2,-17,-21,N
-8,-5,-5,23,15,19,-2,-7,N
17,0,5,-16,-7,-23,-20,8,N
-28,-11,-8,-22,-16,-19,-23,-1,N
9,-3,0,31,-7,10,6,4,N
-20,3,5,-11,-20,-42,13,-4,N
-22,2,-1,-5,9,-2,1,-19,N
-32,-6,-7,-3,9,35,-12,-13,N
-9,5,4,21,-1,11,29,-8,N
-26,-5,-9,11,-1,-5,-14,8,N
21,4,19,3,-5,-23,-8,11,N
23,1,2,-15,-10,13,-1,14,N
7,-5,-10,-43,-4,-11,-2,-2,N
-14,6,7,32,11,16,-5,-7,N
1,1,1,-8,0,10,-15,4,N
6,2,-7,-36,-2,9,3,1,N
7,-4,1,8,-8,-39,36,4,N
-22,-2,1,-21,-7,-15,17,-12,N
13,-1,8,-5,-11,-11,-6,0,N
-6,-4,-5,-6,1,3,-6,-3,N
-21,-14,-6,-4,-15,0,-4,-24,N
7,-3,-2,12,-6,-11,-13,-11,N
-13,-3,-6,7,-2,-4,10,0,N
-16,-3,4,-3,-5,-8,24,-1,N
-2,-4,-15,-46,-1,5,15,4,N
14,3,5,6,-2,13,18,7,N
-7,4,10,6,5,5,-12,3,N
25,6,-7,-4,2,8,51,7,N
5,0,0,-23,-2,-15,3,3,N
12,1,0,-43,-10,19,-9,-2,N
-4,-3,-1,36,9,3,-17,-1,N
-13,-3,-2,27,-4,-29,17,-8,N
-37,3,1,-26,-4,-5,-7,5,N
0,4,13,6,-6,-19,2,-10,N
-18,-5,-9,-18,-1,29,-18,-12,N
14,0,-5,-41,-4,6,11,4,N
18,-1,5,-29,1,-8,-30,-3,N
6,-3,-8,13,2,-1,-12,-2,N
6,-4,-5,25,0,-7,-2,-5,N
-7,-2,-5,35,1,17,19,8,N
6,0,-8,9,-2,-21,0,-1,N
26,8,12,-2,-5,12,18,11,N
-19,-6,-2,-29,-2,14,12,2,N
-13,-1,-2,11,4,-13,-18,-21,N
-13,-1,-1,-35,-4,16,14,6,N
19,1,-1,12,8,-9,13,-5,N
-11,-5,-7,-13,-1,5,-5,-6,N
-14,5,2,6,8,-21,-14,-9,N
-5,1,-4,-27,-5,-11,2,-20,N
-20,-1,-3,-46,-1,19,11,-11,N
14,0,1,-2,-2,2,12,14,N
-4,-8,-13,37,-2,-10,15,-7,N
-12,-4,5,10,-1,-17,2,2,N
31,3,9,-2,-7,7,3,13,N
-4,-1,0,-9,0,10,-29,-7,N
-14,1,2,33,8,2,-8,-21,N
12,4,3,3,4,17,-4,-14,N
-18,-1,3,-32,-6,4,-5,-14,N
13,6,6,1,1,8,29,6,N
16,-5,-5,-4,-2,0,1,4,N
-8,-3,-5,-2,0,-17,-5,-5,N
26,1,-4,19,7,-5,-59,-3,N
-22,-2,5,-3,-1,3,19,2,N
-48,-14,-10,-11,-8,3,-3,-20,N
-31,-4,-1,17,0,-15,-29,4,N
5,0,1,7,-1,1,-4,5,N
10,1,1,26,2,-8,5,2,N
-4,-1,2,11,-2,-7,-17,-13,N
16,0,9,44,4,0,-20,-6,N
11,1,4,13,0,-7,-7,4,N
5,1,-3,-46,-4,-7,-50,1,N
20,0,-1,6,2,-2,5,6,N
-4,2,6,-1,-3,2,26,20,N
6,0,-5,15,1,-2,-33,-14,N
14,1,4,-19,-3,-25,-47,-8,N
25,2,4,27,2,22,-47,23,N
29,3,-1,-8,2,10,5,6,N
22,-11,-12,-8,6,-14,-6,-29,O
17,-16,4,11,22,5,-8,-7,O
25,-12,-20,-31,15,-4,-5,-5,O
0,-2,-4,-6,-19,-8,-24,6,O
15,0,2,-5,-69,10,2,23,O
-6,-7,-4,11,-23,6,3,0,O
-27,5,-12,-10,-20,5,1,6,O
-8,-3,3,21,10,8,1,-3,O
-32,-22,-6,-5,-27,5,-14,6,O
-10,-12,-10,-7,56,1,-7,-4,O
11,20,15,-20,55,15,-3,-7,O
-4,-7,-1,-10,-34,-5,-2,5,O
-13,-12,-2,-4,25,11,-5,-14,O
3,5,-2,-16,18,12,12,1,O
45,4,1,5,15,-4,3,-6,O
55,-12,-10,-2,-33,-9,-11,4,O
-28,3,7,23,0,-11,-18,-5,O
-16,-20,-3,-4,30,-7,5,-11,O
-32,-4,0,11,-20,-1,-4,-6,O
3,-6,8,12,-5,9,10,3,O
25,7,-3,-11,-29,-24,-4,1,O
-86,0,-7,15,-3,2,-4,-3,O
-7,9,9,0,-21,-6,4,3,O
-1,-15,-4,0,20,6,2,-7,O
10,1,4,-2,-37,-28,5,10,O
-27,2,-8,-4,-12,18,-2,-4,O
-10,-1,-5,1,2,-4,18,12,O
-31,4,-4,-6,-8,-24,5,8,O
24,4,-5,-30,-14,-3,-11,7,O
22,16,1,9,-4,0,-4,4,O
83,-4,-8,-31,-21,-3,-6,4,O
7,-4,-1,22,3,-5,-2,10,O
24,-6,0,10,10,-15,-21,-2,O
3,3,-3,-16,-12,-17,-6,4,O
42,-5,-2,-3,-51,-1,-1,6,O
-17,-2,-5,-22,-22,3,-3,-25,O
24,7,8,-15,-27,-10,14,-3,O
23,2,8,6,-50,10,3,-6,O
15,0,3,0,-28,10,16,4,O
-83,-10,-11,-26,-24,-8,-20,-18,O
24,9,-11,-21,-20,10,-9,4,O
-10,34,1,3,7,1,10,0,O
14,1,-2,-7,-27,-4,6,-3,O
2,4,3,17,11,5,-8,-19,O
-7,23,13,34,9,-2,-10,0,O
-7,-15,-2,-10,45,6,0,-12,O
42,-3,5,4,0,7,-19,0,O
18,-2,6,18,14,16,19,13,O
8,0,3,-17,-31,0,5,5,O
-1,-4,-2,2,2,0,-12,2,O
-6,-8,-9,-25,-11,-27,-8,9,O
-6,-5,2,15,-6,-6,-7,-8,O
-20,1,6,5,-14,7,1,2,O
-1,15,6,11,54,-11,1,0,O
-3,23,-6,18,2,25,-7,6,O
4,-10,-3,-5,-64,4,-17,7,O
2,-7,-4,5,-14,-3,-4,3,O
12,-5,-5,-3,-12,-2,1,-1,O
12,2,-5,-13,26,-16,3,-7,O
2,-9,-2,3,1,3,2,-22,O
12,-3,0,3,10,-3,23,8,O
2,-3,1,5,10,-9,-5,9,O
-12,-9,-2,10,36,1,3,-6,O
9,11,-2,1,-10,38,12,9,O
2,-16,2,16,-18,7,1,23,O
-11,0,2,5,7,-8,13,12,O
0,2,-1,-17,14,0,3,1,O
14,-12,1,7,41,27,12,2,O
5,2,2,-17,3,-10,-15,8,O
-24,4,0,13,12,9,13,2,O
1,-5,-9,-14,-52,3,-11,12,O
-60,-14,-1,3,45,10,7,-5,O
6,0,4,5,12,23,18,6,O
-10,0,1,1,18,9,25,0,O
11,6,2,-1,63,-8,-1,0,O
12,2,2,11,4,4,10,4,O
-10,8,0,4,26,14,3,11,O
-7,2,3,5,-2,5,-8,4,O
6,0,-3,2,-12,-2,17,0,O
-1,-8,1,-6,28,-6,3,-1,O
8,-13,-9,-3,52,-5,-7,6,O
4,2,0,-5,8,3,-14,6,O
3,-3,0,15,2,4,7,0,O
-5,7,-2,-10,-5,-9,9,-9,O
-2,27,2,-3,44,9,0,-17,O
-7,19,1,-1,-39,6,9,-1,O
11,0,6,12,-6,-3,8,0,O
-8,-5,1,-6,-34,-25,-2,-2,O
61,-9,1,1,-10,-14,-6,-4,O
-1,-19,-5,-7,10,-2,1,4,O
-29,19,1,2,-12,-25,-5,1,O
-6,2,8,0,18,0,7,10,O
16,12,-3,-7,-5,6,5,1,O
18,-6,0,-3,-28,-14,5,-5,O
4,-8,-8,-8,-45,2,-15,-9,O
12,4,5,7,14,-7,-12,-18,O
-4,3,-1,-11,-8,3,14,0,O
21,7,0,5,6,-30,-9,13,O
-4,-1,0,-15,13,14,11,5,O
-8,10,0,3,-25,-2,-7,7,O
-44,-31,-6,0,-2,-1,-7,-21,P
36,-16,-2,-6,-4,-10,-1,36,P
-21,10,2,0,-16,1,-2,-19,P
7,3,3,4,18,6,1,9,P
-33,-27,-6,-1,9,-6,0,5,P
-61,-13,-3,3,11,10,-5,-8,P
-10,-23,-5,0,-15,-8,-2,18,P
-3,22,3,3,4,5,1,4,P
-15,11,-3,4,12,-5,-7,-2,P
46,22,4,-1,16,-3,6,18,P
22,43,1,2,15,-1,3,37,P
-37,-7,-6,-8,-13,-7,0,-11,P
-17,29,-2,-8,-77,-11,-4,6,P
3,-11,1,5,31,14,-12,-14,P
-46,-2,-1,-1,-2,-11,-6,3,P
-36,-11,3,5,13,-2,2,38,P
-12,27,2,2,-10,4,-2,-8,P
79,-5,-3,-1,4,1,-1,17,P
34,4,0,-3,-6,6,2,-2,P
-2,-14,0,1,-16,-2,1,0,P
49,-8,-2,2,18,-6,3,0,P
7,-3,-4,1,13,0,-6,-10,P
18,-11,-3,-3,-14,-3,6,24,P
22,-11,-2,5,17,0,1,10,P
-24,-17,-3,0,25,6,-1,-16,P
39,18,0,5,9,3,-1,-7,P
-25,26,8,4,7,3,8,-17,P
-36,-13,1,2,6,-3,-6,-12,P
95,-7,1,-1,-16,10,-1,14,P
-39,-25,-5,-7,-1,-5,-6,-30,P
8,14,1,-1,-12,-3,0,-12,P
-21,-20,-5,2,-2,-6,-4,-13,P
20,0,-4,-11,-9,0,-3,4,P
-23,3,0,-1,-1,5,-2,-11,P
-17,3,-2,-1,-8,-11,-4,-11,P
-13,9,0,0,-15,-8,-2,4,P
-15,6,-2,-3,-9,-19,-15,-52,P
-76,1,-1,-4,-4,-8,-1,-2,P
41,4,2,6,-13,-9,3,17,P
-60,-19,-4,-5,12,3,1,-2,P
50,2,1,0,-8,1,1,21,P
-2,-1,-3,-2,-3,5,7,30,P
-4,-26,-3,-1,32,5,-4,-14,P
19,3,1,2,19,11,-1,1,P
26,-2,0,-3,-13,1,-1,2,P
31,-6,-5,-2,-9,-9,6,22,P
-9,3,2,-2,4,-1,0,2,P
51,11,1,1,-2,-1,-9,6,P
-13,-4,1,1,13,11,-1,-6,P
-18,-3,-2,-1,3,-1,-6,-5,P
-44,-13,0,5,-10,5,7,-15,P
53,-15,-2,-7,-2,-2,-18,-28,P
25,1,0,-3,15,-1,-3,-2,P
15,-3,-5,1,19,0,-2,16,P
25,8,1,3,-17,3,10,-1,P
27,6,-2,1,3,-10,-4,1,P
7,4,1,-1,6,-4,-7,10,P
34,-20,-3,2,11,2,-6,-10,P
-14,-3,-2,-3,10,-4,-10,-29,P
17,-10,-4,0,8,7,5,18,P
-20,-2,1,4,15,-5,1,-12,P
-2,-1,-1,-8,-20,-9,-21,-38,P
-47,6,3,3,-7,4,4,20,P
9,-18,-3,-1,24,1,2,7,P
22,-8,-4,-3,20,7,5,26,P
-56,-13,1,2,9,13,4,2,P
-1,11,-1,-9,-29,-16,3,18,P
56,-9,-4,-15,7,1,2,4,P
-7,-25,-3,3,-4,3,-1,-22,P
15,-3,0,7,-1,7,2,8,P
-52,-10,2,-10,22,4,-1,-5,P
11,11,-4,-9,-3,0,0,7,P
62,29,4,3,3,-3,1,-13,P
5,-18,1,3,15,12,-1,-1,P
-18,7,5,11,29,15,2,0,P
2,-8,-1,3,1,-1,-1,30,P
-16,-6,3,2,9,19,6,22,P
-44,-21,-3,4,18,3,4,2,P
-10,0,-2,-6,-6,3,4,-15,P
30,7,-6,-12,-32,-25,-9,3,P
-78,-13,-2,-9,-17,-2,-1,-12,P
-16,3,0,3,1,-2,12,8,P
-16,-2,3,8,-8,5,4,-5,P
-7,1,-3,2,16,0,-1,2,P
-72,13,-1,-4,-6,4,-6,1,P
1,-3,2,6,13,6,3,-3,P
25,3,1,0,3,2,-2,3,P
26,0,3,4,15,14,2,0,P
25,22,2,2,-8,-1,3,-6,P
87,4,-2,-6,-44,-13,-7,-28,P
1,5,-5,-2,3,1,-2,-15,P
-26,-9,-3,4,3,-5,-6,-29,P
-24,-9,-1,-5,11,-5,-2,0,P
-7,-13,-4,-3,1,-1,2,2,P
-58,-12,0,-8,4,1,2,-15,P
-54,4,-3,3,34,-13,0,-5,P
-48,1,-2,-4,-7,5,2,-1,P
8,-4,1,5,-3,2,4,12,P
-17,-3,-2,0,-13,-12,-2,12,P
-23,10,-1,3,24,0,-7,-1,P
-65,-21,-6,-3,3,0,-1,-23,Q
-42,-28,-3,-3,-2,-5,-3,8,Q
-68,-44,-5,-1,0,12,-12,-7,Q
123,-7,-1,2,1,2,1,4,Q
-1,-13,-5,-4,-2,0,7,76,Q
-57,-7,2,2,-5,-26,12,37,Q
42,0,-3,-4,-2,11,-7,-38,Q
22,-25,-8,-4,-3,1,-3,3,Q
-80,-6,-5,-2,-2,-2,-1,-76,Q
96,0,2,-2,-3,-4,4,-14,Q
-34,-7,0,0,-1,-9,3,29,Q
62,-15,1,1,2,9,10,47,Q
29,-2,1,-2,-2,25,1,-29,Q
-25,3,-3,0,0,-17,-6,-31,Q
8,0,0,3,-1,5,6,-22,Q
-54,-16,-4,-1,-1,1,2,-33,Q
-101,-17,-4,-3,-7,14,0,-13,Q
19,-3,-3,0,-3,-4,-2,16,Q
-6,4,-2,3,0,-11,-1,7,Q
-27,11,-2,0,5,4,0,-31,Q
4,0,-4,-1,1,-2,0,11,Q
69,16,4,1,-4,-9,-4,50,Q
-25,6,2,1,-3,-3,3,-2,Q
-27,3,-2,-1,3,12,-2,-3,Q
-36,4,-2,-4,0,9,4,-24,Q
4,9,-3,0,2,-12,-6,1,Q
15,-1,-1,-1,1,-1,-1,-31,Q
25,-11,2,1,-4,-24,19,33,Q
56,-6,-1,1,3,10,11,19,Q
-75,0,-3,-1,-1,1,-4,-45,Q
78,-3,-1,-1,0,-3,-9,-42,Q
-36,4,-3,-3,-1,-2,6,-36,Q
-48,-7,0,0,2,14,3,-5,Q
-47,-7,-2,-2,2,3,-4,-17,Q
54,0,3,1,0,6,5,-8,Q
-56,1,-2,1,5,12,-6,-70,Q
-21,0,1,0,2,7,0,6,Q
-3,10,0,-2,0,10,-1,-3,Q
15,-2,-4,-2,-5,1,-3,-14,Q
83,-19,0,2,1,1,-5,3,Q
-28,-16,-2,-2,-4,-5,8,44,Q
-6,-8,1,-1,-3,-3,-8,0,Q
-16,-7,-3,-1,1,8,3,-54,Q
72,-16,0,-1,-1,3,-5,-8,Q
-31,7,-2,0,-3,7,-5,10,Q
10,-2,-2,-1,0,-11,6,0,Q
-106,-6,-6,-4,0,-4,6,-57,Q
20,6,-5,-3,-3,-2,4,40,Q
-85,10,0,2,2,16,-13,-36,Q
5,7,3,-1,-1,-10,-5,1,Q
-30,21,-1,-2,-1,2,-1,-21,Q
-26,4,5,2,-3,1,7,38,Q
0,-19,-2,0,0,-4,1,-4,Q
34,6,2,1,-1,8,1,5,Q
-62,22,-5,0,10,1,5,-44,Q
48,-6,-3,-2,-5,-9,-4,18,Q
48,3,-3,-5,-7,-7,-24,-16,Q
-69,6,-6,-6,-5,2,-2,-45,Q
27,-7,2,3,7,13,8,31,Q
54,58,1,-2,4,2,2,49,Q
-13,-20,1,-1,-2,0,4,6,Q
-71,-28,-5,-6,-1,-6,6,16,Q
19,-12,-1,-1,1,-17,-4,6,Q
0,12,0,-2,-3,-5,-1,-16,Q
-18,29,7,2,3,-10,9,28,Q
-14,-24,-3,0,1,10,-8,-18,Q
12,-18,2,4,0,15,-2,-51,Q
-23,-6,-3,-4,-5,-3,3,-7,Q
17,-2,1,1,-1,-5,-21,-11,Q
41,60,2,-1,-2,21,16,23,Q
10,26,6,4,1,-4,9,2,Q
106,-30,0,1,1,1,12,40,Q
37,-14,1,0,-1,-11,10,31,Q
7,-38,-5,-3,-3,-5,-31,-87,Q
35,19,5,5,5,-24,-1,35,Q
-26,-21,-5,-7,-2,9,2,-45,Q
-68,-21,-6,-3,0,1,-3,-34,Q
-29,11,-2,-3,-8,2,-5,6,Q
-24,-2,0,-1,-2,-3,0,38,Q
-3,2,-3,-3,-7,-7,-5,13,Q
36,-8,2,1,4,24,3,50,Q
-128,-14,-9,-3,4,1,3,-22,Q
69,20,2,-2,-14,-1,7,-6,Q
-32,-4,1,2,-2,5,10,19,Q
-39,19,0,-1,-4,-25,-9,-20,Q
1,-17,-2,0,-1,3,4,5,Q
-70,-5,-6,-4,-8,22,0,-13,Q
85,-2,-3,-1,0,-20,1,-6,Q
29,17,0,1,2,-9,-4,-7,Q
69,-12,-4,0,1,-6,-2,50,Q
14,-11,2,0,3,16,-1,-13,Q
22,2,0,1,3,7,6,-7,Q
-40,6,6,5,1,-4,-9,13,Q
11,2,-3,-2,2,13,-1,27,Q
17,-13,-3,-2,-6,-13,-2,5,Q
22,-6,-2,0,2,4,-14,-20,Q
-101,-1,4,3,2,-2,-2,-24,Q
-26,61,2,-1,2,0,-1,1,Q
-4,8,-4,-1,-5,0,3,9,Q
43,-6,1,2,12,20,5,-68,Q
-8,-8,-2,7,18,-4,-2,3,R
23,-6,0,6,10,-1,2,5,R
20,-1,2,1,0,-1,-5,-4,R
12,1,1,0,-8,-2,0,-7,R
4,1,0,1,-3,6,0,-1,R
9,-4,-6,-21,-47,-10,1,6,R
-15,-2,4,11,34,10,0,0,R
-3,-7,-2,-3,-6,-3,-1,-5,R
17,3,0,-1,9,0,-7,-13,R
-5,-1,2,0,1,0,-1,7,R
-18,-5,-4,0,-5,-4,-4,-4,R
3,5,2,3,-1,4,1,-4,R
-4,0,0,4,5,-2,-1,-3,R
0,0,0,1,-11,-4,0,6,R
23,-2,-5,-4,1,-3,1,4,R
11,10,-4,-13,-3,-2,-1,-2,R
12,-2,-1,-1,3,1,2,11,R
8,1,3,-2,11,10,3,6,R
-3,-1,3,8,27,1,-7,-28,R
-31,2,3,10,45,5,-1,0,R
-21,-6,-3,0,11,1,-2,-11,R
12,-1,1,-7,-7,2,2,6,R
-9,2,0,-9,-19,-5,-1,4,R
10,-1,1,16,28,1,-1,0,R
14,-1,-1,0,-12,1,-1,-9,R
7,-6,-2,-6,-1,4,1,-21,R
26,1,-1,10,34,2,-1,0,R
-8,0,0,1,-1,0,-1,-5,R
-11,5,0,-7,-64,-7,-3,3,R
-23,4,2,0,-6,0,1,9,R
11,-4,-4,0,-4,-3,1,5,R
-12,-2,-6,-23,-54,-5,-4,-27,R
1,-2,-6,-5,8,-2,-4,0,R
21,-6,-2,1,-3,-6,-1,-2,R
26,4,3,11,9,-1,-4,-18,R
-11,-3,0,-2,7,5,0,1,R
-3,0,2,0,7,3,1,-7,R
-4,-6,-6,-5,-8,-1,2,6,R
22,-4,-6,-3,-7,-2,-1,14,R
-5,0,-3,-21,-18,0,0,-1,R
10,-1,-1,-3,-3,-2,-4,-7,R
-7,3,6,20,57,9,1,-1,R
7,-1,2,5,9,1,-1,-7,R
7,1,-4,0,-9,-2,1,7,R
-4,-4,-3,-2,-17,-6,-1,-13,R
3,-4,-3,3,10,2,3,19,R
-12,-2,-5,-9,0,2,-1,-13,R
10,-3,-1,-8,-35,0,1,5,R
17,3,-1,0,8,1,-1,-18,R
0,3,1,-3,-5,3,2,-2,R
-21,2,7,24,82,12,0,3,R
-15,-2,0,1,0,-2,-10,-34,R
0,2,-3,-14,27,-8,-3,17,R
3,-3,-1,1,0,1,3,5,R
-18,-5,-7,-20,-47,-10,-2,3,R
19,2,4,9,3,6,-2,-27,R
-2,7,0,-1,-43,-1,-3,-5,R
-20,-5,-1,-1,-32,-5,-4,-7,R
-5,8,-1,3,-2,-4,1,5,R
7,-4,1,-4,-3,-3,1,6,R
18,1,2,5,-1,1,1,15,R
-11,-3,-8,-6,7,-9,0,4,R
18,2,0,2,12,-2,-3,6,R
-3,2,-3,-2,-8,1,-1,-10,R
13,-2,3,2,15,6,-2,2,R
23,-4,-1,7,6,-5,-2,10,R
-8,-2,0,-2,-14,2,4,8,R
5,-1,2,10,25,3,1,7,R
-29,-6,-4,-7,-19,-5,1,-23,R
11,-3,0,4,5,3,0,5,R
-10,-3,-2,1,-8,-5,-3,-6,R
18,-3,-1,-11,-17,-4,-2,12,R
21,3,-2,-1,6,3,4,22,R
-25,-8,-7,-7,-7,-3,3,9,R
11,3,0,0,-6,0,2,3,R
3,1,-4,-5,-16,-6,-4,-13,R
11,-3,0,4,10,3,5,7,R
-10,4,0,5,23,0,1,7,R
5,-1,0,-6,-40,2,-4,-3,R
-14,-2,1,5,32,7,0,1,R
7,-3,-4,-7,-14,-6,-4,-3,R
-16,4,-4,-20,-51,-2,1,-6,R
18,-6,0,4,5,-3,0,-2,R
25,7,1,2,-7,0,-1,7,R
5,1,4,9,23,3,1,5,R
-13,0,-2,-2,-7,-1,0,10,R
-23,0,2,2,-4,2,-1,-4,R
19,-2,-4,-9,-23,-3,-3,-2,R
12,1,2,8,16,3,4,11,R
10,0,-2,-7,-1,-3,-4,-19,R
7,-2,-1,3,-1,-3,-10,-38,R
-19,0,0,1,-11,1,1,7,R
0,2,0,4,-21,1,-1,-5,R
7,2,-3,-8,3,2,1,7,R
-4,8,-1,1,5,1,0,-13,R
7,1,-1,8,15,-1,0,1,R
-13,4,-1,-3,-2,1,8,15,R
36,11,-1,3,-3,-4,-1,-18,R
-14,-2,-3,-12,-45,-10,-2,1,R
-17,-8,-4,-5,-1,-10,-3,17,R
3,-6,-1,5,-2,5,22,-2,S
11,-9,-4,1,1,-9,-24,-6,S
0,3,0,5,-6,6,3,4,S
-6,4,-5,-3,-2,-5,-8,-4,S
5,-2,0,1,-5,5,14,3,S
-3,2,3,2,9,5,-9,-3,S
-3,-6,-3,-5,-6,-8,-25,4,S
7,3,1,2,12,-5,-21,-4,S
-6,5,2,1,16,-2,13,8,S
9,-6,-4,2,-1,-8,-21,3,S
-7,2,-2,0,-15,0,14,8,S
-5,-6,-2,-4,-16,0,-38,-14,S
33,-3,3,2,21,2,3,3,S
12,4,-1,-5,-3,-3,8,5,S
-2,-9,-4,-2,-1,-13,-19,-6,S
5,1,-4,-2,-22,-7,18,1,S
7,2,0,3,-1,1,24,0,S
20,5,-5,-17,-29,-2,-25,1,S
-4,-7,1,2,-35,1,1,3,S
-17,-4,1,0,-23,-4,-5,-5,S
-18,1,-1,-9,3,2,6,14,S
-2,-7,-1,-5,-2,-1,1,4,S
9,5,3,6,28,13,0,3,S
4,-3,-2,1,20,11,2,8,S
4,7,-1,2,15,5,30,15,S
25,11,-2,1,5,-8,-5,9,S
-2,-4,-2,-1,-2,-4,-18,15,S
34,5,1,1,5,-1,11,11,S
3,7,0,1,-9,-3,-3,-8,S
-3,0,0,4,12,-3,-24,-7,S
-31,10,1,1,-5,5,9,4,S
0,-7,-1,1,-7,3,-14,-6,S
2,-6,-2,-3,6,-5,28,-4,S
-6,-7,-2,-6,5,2,-4,7,S
-6,3,1,5,1,-7,-7,-2,S
0,2,-2,7,18,-4,-9,2,S
-15,11,3,1,-14,-11,-3,-8,S
-13,-3,0,-5,23,2,6,2,S
17,4,0,1,4,5,24,16,S
-1,-5,-1,-1,0,-9,14,-4,S
0,-1,1,0,6,6,-21,-19,S
11,1,0,4,26,8,-2,3,S
-9,0,0,2,-5,-8,-61,-34,S
1,-4,2,-6,-9,-4,-18,-12,S
-3,5,1,-7,-25,-4,-14,-8,S
-43,-6,1,-3,-3,1,1,-14,S
4,17,2,1,10,-5,4,8,S
8,7,1,0,12,-10,-6,-8,S
12,4,3,3,19,5,17,-8,S
4,-6,-2,-2,2,-7,0,1,S
8,0,0,-6,-24,-2,11,10,S
-1,-2,-1,-14,-9,-5,2,10,S
-27,-5,0,-1,-9,8,36,0,S
-17,0,-1,4,8,-9,-13,-8,S
5,-4,-2,-2,-7,1,-8,16,S
12,-3,-1,2,10,-1,-10,-1,S
2,-4,-1,3,23,-14,-12,0,S
4,-3,-3,-2,-4,-5,0,-8,S
-2,-3,-3,2,4,-15,-2,-25,S
-3,-2,-3,-4,-4,-11,-1,-9,S
-3,-22,-4,-9,-10,0,13,5,S
-4,-9,0,2,18,0,-9,-2,S
-2,-6,-5,-15,-12,3,-15,5,S
-23,1,1,3,4,6,9,6,S
-10,-5,-1,0,-12,1,-2,-2,S
16,17,1,6,6,2,7,-1,S
9,5,1,-1,-2,6,-6,-6,S
24,-9,-1,-1,6,4,7,3,S
2,-6,1,-2,-5,7,-1,-3,S
-12,-6,-3,0,13,1,-6,-8,S
22,-19,-1,2,-20,-13,4,13,S
8,1,-2,-7,-6,1,-11,9,S
-25,3,0,1,-19,0,0,-25,S
-3,-4,0,1,10,10,8,-8,S
3,0,2,7,18,-2,8,6,S
33,5,0,-4,7,-2,-4,5,S
18,2,-1,4,5,-5,10,4,S
-15,-7,-1,0,3,0,-2,17,S
14,4,2,0,6,7,9,5,S
-27,4,-2,-2,-11,-3,17,0,S
0,-8,-4,1,10,4,-7,-20,S
5,4,1,1,-4,-1,9,0,S
13,-2,-1,-6,-8,-1,-6,-3,S
-26,-3,0,-2,-1,-3,-6,-10,S
6,0,-2,0,-22,0,-6,-1,S
0,1,2,5,12,4,14,4,S
6,-5,-2,-6,-8,-6,0,-6,S
5,5,-1,-1,-4,-3,-6,-11,S
-10,-9,-3,-4,-31,-23,-9,-14,S
5,-1,-1,-10,-29,-1,2,-6,S
0,-4,-1,0,-2,1,-27,-14,S
6,3,1,6,16,4,9,-11,S
5,9,1,4,22,6,3,5,S
10,-12,-4,-4,-4,-9,-2,12,S
2,5,1,-2,9,2,-8,1,S
-6,1,-4,0,11,-1,-6,-8,S
18,1,0,1,10,-1,4,15,S
-12,4,3,-3,10,8,8,10,S
11,-2,0,0,0,1,15,0,S
-8,9,0,-3,-11,3,0,7,S
-3,2,2,8,8,1,-26,-6,T
2,1,0,4,35,14,-8,-1,T
-2,-1,-3,-2,4,-11,-15,-3,T
-3,-4,-6,-7,-13,0,10,-5,T
0,-2,-2,3,9,-8,-17,-2,T
-2,-2,-2,11,3,3,9,0,T
-4,-3,-6,-13,-34,-15,-7,-2,T
-2,1,-2,-2,13,-1,16,-1,T
6,-3,-2,10,10,3,23,3,T
1,2,4,8,26,9,3,-8,T
-2,1,-2,16,-3,6,7,0,T
0,0,-3,-4,-29,5,-25,1,T
-4,-3,-2,-4,-16,-8,-44,-4,T
8,1,3,2,-15,6,27,5,T
-2,2,4,-2,-8,-9,15,3,T
14,4,7,19,36,12,21,5,T
4,-1,-2,-5,-15,7,-7,5,T
-6,-4,-1,20,19,-2,-10,-5,T
0,1,-1,-5,26,4,-15,1,T
-1,2,5,-21,-39,-19,-4,-3,T
0,-4,-8,-10,-20,1,15,-3,T
0,4,5,8,15,0,5,2,T
-1,-2,0,-6,-40,-4,-1,0,T
-1,-5,-7,-31,-26,-7,-17,-6,T
1,0,1,7,-23,10,11,1,T
-1,0,3,10,42,-5,0,1,T
-2,-1,-2,-17,6,2,6,-1,T
-1,4,8,-4,-8,0,-1,0,T
-3,0,-2,-13,-4,-10,-20,-6,T
1,-4,-9,2,-2,-2,3,-2,T
-2,-6,-9,1,-12,-7,3,-3,T
3,2,3,8,-2,12,-12,5,T
2,1,3,9,-5,6,13,3,T
-1,1,-5,2,-12,8,6,0,T
3,0,1,5,33,-1,-4,-9,T
1,-1,-3,-8,-31,5,17,0,T
-1,-1,-4,-4,-12,2,-1,-1,T
-2,1,2,5,13,6,16,4,T
-4,0,-4,-7,-25,-3,-20,-5,T
-7,-2,-1,0,10,3,-2,-6,T
3,-1,3,-2,22,6,7,-1,T
2,0,-1,-6,5,-7,9,4,T
2,-1,-6,-19,-65,-9,12,7,T
-2,0,1,-2,14,-3,-12,-1,T
-1,-2,-8,-15,-40,-2,1,-1,T
2,-1,-1,-4,-53,1,6,2,T
3,-1,-1,1,7,-8,12,3,T
0,2,5,12,39,9,12,5,T
-2,-1,0,0,2,2,5,-2,T
-4,-5,-2,6,28,-2,11,-1,T
-1,-2,-4,-2,32,2,-29,-9,T
-1,-2,-4,-8,-6,-3,3,3,T
1,-2,-3,-4,7,4,-18,4,T
0,-3,-2,5,-2,-6,1,3,T
0,1,3,11,23,-4,-1,2,T
6,1,-4,-10,-47,-1,-1,1,T
1,4,2,-11,-2,6,-4,-8,T
-1,-1,-2,-9,-17,-1,-2,3,T
-1,-3,-4,-14,18,1,1,-1,T
0,1,3,16,2,6,-13,0,T
-1,0,-3,-2,-8,-1,-1,1,T
1,-1,0,18,37,6,5,2,T
-3,-1,2,-20,9,-3,0,3,T
-1,2,4,6,30,0,13,-3,T
0,-2,-1,3,-2,-6,-2,1,T
4,2,0,-2,34,4,17,5,T
5,1,0,7,29,8,-3,2,T
-2,2,0,4,29,-1,-12,3,T
-1,3,1,4,5,-3,6,2,T
1,-3,-9,-12,-60,-9,6,0,T
4,-3,-3,-5,25,-3,-24,-3,T
4,1,5,2,-29,0,5,1,T
4,2,4,-5,69,-14,-6,-1,T
-2,-1,-2,0,-5,0,14,1,T
-3,-3,-3,-11,-23,-3,-19,-1,T
-2,-2,-3,1,-8,2,10,1,T
-5,0,-2,-9,1,-12,-21,-5,T
-1,-2,-1,8,26,-1,-7,0,T
-3,-2,-5,-9,-1,-8,-24,-5,T
-1,-2,0,-6,-5,-2,-1,2,T
-1,-2,-4,-13,2,-3,16,3,T
-2,-1,3,2,5,-2,6,0,T
0,0,-2,1,-11,-4,-32,-6,T
-1,-1,-2,-12,-3,7,9,0,T
-7,-1,0,-1,-5,-2,16,4,T
0,-1,-3,-13,-8,-2,14,0,T
2,-3,-3,4,16,-8,-13,-8,T
1,2,2,-4,-9,4,8,0,T
2,3,-1,-11,-10,0,12,-6,T
-4,-2,4,3,2,-13,-16,-1,T
-4,-5,-6,2,-43,-6,-7,-8,T
1,0,-1,-16,10,2,-2,-1,T
-2,-2,-1,3,20,-7,-23,3,T
-2,1,-1,5,-26,-3,4,0,T
-1,0,-4,-4,-17,1,-21,2,T
0,-2,0,-10,-28,1,4,-1,T
-3,-2,1,-9,-11,1,-3,-2,T
1,0,-1,3,22,2,14,-2,T
0,-1,1,-12,0,-9,0,1,T
-1,0,2,-3,-22,1,-5,-9,T
12,-10,-3,-2,34,9,5,29,U
10,2,-1,-16,-1,7,8,22,U
-2,-2,-8,-25,-47,1,-2,-6,U
1,0,3,11,2,6,3,-4,U
51,6,10,38,55,8,1,-6,U
-31,9,10,26,98,4,-1,4,U
-4,-8,-10,-28,-11,-3,-9,-4,U
-10,-9,-12,-70,-53,-10,-7,-4,U
-14,5,2,26,63,6,1,9,U
17,10,8,16,39,-1,6,-1,U
-5,-8,-9,-14,10,-1,-2,-9,U
4,-3,-7,-3,40,0,5,16,U
13,3,7,21,-8,-4,-2,5,U
-18,4,4,0,-24,-4,-3,2,U
-35,5,-2,-4,47,4,-1,-1,U
2,-1,0,-6,10,2,0,-11,U
3,-10,2,11,66,-5,-3,6,U
0,1,7,28,17,9,-5,1,U
4,2,3,9,-73,-5,1,12,U
-14,-8,2,0,-3,0,1,2,U
-4,2,8,30,70,8,9,9,U
2,9,5,31,43,2,-1,-11,U
-27,5,5,3,-26,-2,2,25,U
8,-1,7,17,90,0,-4,-1,U
17,2,-3,-3,102,6,-1,5,U
23,6,-8,-16,-128,-12,-11,6,U
26,1,-11,-29,-30,-8,0,5,U
-13,3,-19,-42,-63,-9,-8,-8,U
-3,-6,-8,-25,8,-2,1,4,U
8,-14,-5,-29,18,-2,-1,4,U
-21,1,7,17,3,2,6,5,U
-17,-8,4,37,80,-7,-8,-1,U
-14,-5,-7,-14,-22,0,-5,-11,U
-8,2,-5,-21,-42,0,-6,-2,U
-13,7,6,36,-10,4,3,-11,U
-42,-10,3,49,91,-4,0,-12,U
-1,-1,-6,-1,7,-10,-4,9,U
1,7,5,10,59,14,-1,8,U
-32,-11,-2,-16,-66,-9,-2,9,U
13,1,4,23,5,-1,4,-4,U
-7,2,-4,-31,-24,-18,-2,-9,U
7,-11,-15,-51,-75,-16,-10,-18,U
-31,-5,7,21,29,6,5,15,U
-19,-1,-2,-16,-6,0,-5,-1,U
16,2,-4,-2,50,1,1,1,U
17,-5,2,22,19,8,0,5,U
-11,5,-1,-8,30,0,0,-4,U
-2,-3,2,13,98,-3,-4,-9,U
-14,-2,-1,2,-28,-2,2,2,U
-15,3,10,8,-25,6,7,2,U
15,-15,-20,-48,-100,-19,-5,-2,U
18,4,5,14,41,11,-1,-2,U
12,-3,-3,-3,15,-3,1,25,U
5,-3,-10,-59,-90,-3,-9,-23,U
-22,-1,4,10,49,6,0,-2,U
12,7,1,6,-5,-10,2,-1,U
6,6,10,37,81,11,11,-2,U
-8,3,13,25,113,2,2,1,U
10,5,4,2,-74,-1,10,31,U
-5,-14,-19,-36,-77,-16,-12,-3,U
-16,1,2,-1,-26,-1,-3,0,U
-3,14,3,10,-8,6,2,10,U
-5,-5,1,-3,-40,-7,-2,-8,U
-92,-10,-7,-25,-75,-5,-3,-21,U
32,0,9,19,46,0,2,16,U
9,1,2,11,3,3,3,7,U
1,-11,-14,-36,25,-5,-7,-11,U
15,3,7,-3,-87,-3,-3,10,U
-15,-2,6,22,51,8,4,-9,U
18,8,1,12,51,-1,5,14,U
-1,4,7,9,-9,-9,0,-3,U
7,-1,-1,27,27,7,1,-1,U
-10,-5,0,6,-38,-6,-7,-10,U
-20,13,8,29,100,8,5,-12,U
13,-2,-4,-22,-87,-10,-2,17,U
13,2,5,26,38,4,-2,-9,U
-23,-2,3,27,36,-2,-2,-14,U
7,1,9,9,-23,-2,-1,5,U
-7,-4,4,7,41,7,0,-3,U
-19,1,-1,-10,-56,-2,-3,0,U
-20,-4,-1,-9,45,2,9,8,U
18,2,-1,4,13,-3,-2,11,U
-27,-9,-6,-8,89,-1,-9,-16,U
-11,-4,2,-8,-61,3,-2,-19,U
33,-3,-4,4,7,-5,-9,17,U
-11,-2,-2,-10,-100,-9,-4,12,U
-11,-3,-3,-8,-41,-5,-2,6,U
49,2,0,-11,-24,4,0,-24,U
23,0,0,3,41,2,2,0,U
-15,-7,3,9,-14,3,6,-4,U
-21,6,8,27,63,11,4,1,U
-7,8,5,16,15,4,7,12,U
41,-5,-1,-22,-51,-8,-1,-9,U
8,0,3,23,60,1,0,8,U
-6,-4,-2,4,22,4,-1,-5,U
-6,-4,-5,9,-1,-7,-1,1,U
-19,-3,0,12,-19,-3,-5,-8,U
3,1,-2,-8,-86,-3,-2,-4,U
-18,4,-6,-29,-71,-7,0,-17,U
-23,-10,2,7,4,-2,-3,-8,U
24,-3,-2,-15,-68,2,4,24,V
21,-1,5,11,-36,0,0,-13,V
1,2,6,25,23,0,-6,-20,V
-28,-9,-16,-30,-15,-12,-10,-24,V
-4,-1,-13,-26,-48,-15,-7,-1,V
-4,-2,-3,-4,-97,-4,0,49,V
23,3,-11,-6,-85,-12,-8,7,V
-2,-5,-4,12,-27,2,-5,-7,V
21,-5,4,9,9,0,0,19,V
19,22,2,3,-4,-2,2,16,V
-26,-14,-7,-16,-86,-11,-2,1,V
2,-2,-4,-35,-52,1,0,-10,V
27,1,-2,-8,17,-5,-1,14,V
24,10,13,40,97,11,10,18,V
31,-9,-17,-30,-77,-12,-6,-9,V
4,-2,6,14,-30,6,13,15,V
-13,-7,0,3,12,-1,-2,-4,V
-10,4,3,22,39,3,-4,-5,V
18,6,6,16,88,9,-5,4,V
-5,0,7,6,25,4,7,25,V
-24,-2,-8,-11,26,-8,-4,-4,V
4,6,9,35,26,9,-2,-6,V
-57,1,4,10,16,3,4,16,V
-2,-6,-6,-3,-56,-10,-7,-13,V
0,-6,0,9,-73,-6,4,-1,V
-11,3,7,24,69,5,11,-2,V
0,-13,-17,-41,-61,-10,-10,0,V
3,1,2,1,33,6,1,-2,V
-4,8,-3,-21,-110,-13,3,3,V
-12,-8,-11,-33,-103,0,6,1,V
3,-11,-8,-22,-79,-1,5,-28,V
9,6,2,24,127,6,-2,-32,V
11,-6,-2,-4,58,2,-3,-29,V
31,8,4,25,42,-1,-2,-4,V
-7,-1,-8,-15,62,-7,-3,-1,V
-3,5,2,28,109,4,-1,11,V
-34,-3,16,65,29,17,7,11,V
13,4,1,6,30,15,5,1,V
3,14,11,44,87,4,1,9,V
11,-12,-5,-18,22,-1,2,-3,V
-13,-10,-28,-102,-128,-30,-22,-15,V
26,3,4,3,-17,-5,5,16,V
-3,-4,-5,-22,-68,-3,-1,-9,V
15,2,4,4,-10,5,2,3,V
6,1,12,47,46,10,1,5,V
-37,-10,-16,-57,-97,-14,-6,-2,V
-18,-4,-5,-14,-69,-10,-4,35,V
17,2,4,36,55,7,-2,13,V
26,-1,9,43,60,0,8,27,V
7,-5,-12,-4,68,4,-8,-11,V
-22,2,3,25,104,4,-11,-37,V
-12,-10,-6,-12,-71,-2,5,-46,V
7,-1,7,33,24,4,4,6,V
4,-1,-7,-29,-80,-14,-16,6,V
14,4,4,-7,-98,-6,3,23,V
8,-6,-16,-60,-97,-8,-13,8,V
2,0,5,25,31,16,-4,-3,V
16,-3,3,6,-24,1,-6,-15,V
-19,-8,-10,-11,-1,-4,-14,-48,V
11,-4,2,12,-13,-10,-1,9,V
-12,1,0,14,-7,3,-12,-3,V
-45,-14,-27,-77,-128,-35,-18,-23,V
-19,-10,-18,-21,-37,-12,-12,-6,V
-26,3,-3,-5,94,-2,-5,-7,V
-2,-3,-10,-40,-75,-3,-9,6,V
71,6,4,31,49,-1,-1,9,V
-10,-4,6,34,-51,9,4,-11,V
-35,1,-8,-48,-65,0,3,19,V
13,-1,-3,-12,-65,1,-3,14,V
20,4,10,31,62,8,15,30,V
-36,-11,-3,5,-7,-2,0,6,V
-9,-1,-6,-15,-19,-12,-9,-25,V
13,5,-16,-43,-128,-12,-6,-4,V
2,0,-7,-28,-88,-2,-7,-4,V
14,-1,1,30,77,6,-4,2,V
-16,1,2,8,27,0,1,-6,V
10,3,10,47,114,3,9,9,V
-22,-5,5,3,2,10,6,-1,V
24,-5,-1,7,-40,2,-15,-13,V
16,2,8,37,45,9,2,-2,V
7,-3,-3,1,87,-2,0,11,V
-13,-4,-3,-14,-41,-7,5,12,V
-7,-5,-12,-16,86,-4,-7,8,V
-30,-13,-14,-13,8,-12,-12,-13,V
-7,-11,-18,-32,-40,-13,-12,-17,V
-2,-1,-3,10,-31,4,3,12,V
9,6,11,21,3,2,3,12,V
-23,-2,-11,-52,-98,-24,-12,-3,V
11,6,7,16,4,11,4,0,V
-3,-3,-4,-12,-58,-4,-6,13,V
-6,-3,-1,2,37,2,3,-7,V
22,6,-1,-14,-50,-13,-1,-2,V
-9,-5,-10,-15,-59,-5,-2,-34,V
22,0,-2,16,21,1,-8,-16,V
-8,0,7,29,81,10,-10,33,V
-42,-12,-13,-33,21,-17,-6,-32,V
-7,0,0,7,-24,3,5,16,V
0,3,1,-19,1,3,1,5,V
-47,-8,5,14,10,5,4,5,V
-35,-7,-6,-10,83,-4,-4,-14,V
3,5,7,13,3,6,9,7,W
1,-2,1,21,28,0,0,-5,W
-1,0,3,15,48,2,0,5,W
-4,-5,-9,-27,-87,-13,-3,9,W
2,-2,-1,11,-6,-4,-14,-3,W
8,9,7,9,17,-1,3,17,W
28,4,2,1,-10,0,-1,7,W
-5,-2,3,5,2,-6,4,6,W
1,1,4,17,118,4,3,-7,W
-4,-1,-5,-21,-7,0,-1,-4,W
-10,-8,-12,-36,-54,-7,-2,-6,W
-3,-2,-4,1,7,4,-1,2,W
7,7,9,37,38,7,6,7,W
5,4,5,16,37,4,3,0,W
-4,0,3,-1,-26,-1,2,-1,W
12,-1,3,15,39,2,-5,0,W
1,4,4,8,-28,1,1,14,W
-2,-6,-4,-5,-65,-3,-2,-8,W
-4,-6,-14,-10,7,-10,-1,-14,W
-3,0,-2,-12,-17,1,-2,-18,W
2,6,10,14,64,9,2,2,W
-8,-2,-1,-8,-10,4,2,-20,W
2,0,1,11,29,0,1,4,W
0,-1,5,10,50,3,3,2,W
-3,-8,-6,-1,10,-2,-2,7,W
1,7,9,5,-2,3,3,-1,W
1,3,2,10,25,2,-2,2,W
-4,0,-4,17,50,-1,-2,8,W
-1,-2,-1,9,21,0,0,2,W
4,4,1,5,27,8,6,8,W
-4,0,-1,-5,-67,-3,-1,-24,W
-6,-3,-7,-3,-72,-11,-5,-10,W
-4,-5,-6,-21,-67,-7,-4,0,W
2,0,1,5,44,-1,-1,-1,W
-2,-2,0,5,-6,1,1,14,W
3,0,-4,-17,-41,-1,-1,-14,W
3,1,0,-9,-28,1,0,7,W
-1,-1,-1,-6,-15,0,-2,4,W
1,-1,-6,-15,27,6,0,10,W
-2,-1,1,18,48,-2,-1,0,W
3,1,-5,-24,-48,-2,-1,-2,W
-3,-3,-4,-13,-43,-7,-4,1,W
-6,-4,-4,16,46,-1,-6,-8,W
-1,-1,2,0,11,0,1,5,W
-2,0,-5,-22,37,-5,-3,-2,W
-6,-6,-11,-8,-6,-3,-3,8,W
2,3,3,13,2,0,2,6,W
0,2,1,-2,-30,-6,-3,4,W
-4,-2,0,7,-5,-9,-3,-9,W
-3,0,2,-11,-12,3,0,-4,W
-4,-5,-12,-27,-64,-6,-5,0,W
0,4,5,8,21,2,5,3,W
0,1,1,5,14,-2,-1,-3,W
-5,-1,-2,5,-70,-4,-1,6,W
-1,2,4,14,31,3,0,-1,W
1,0,-1,-3,35,3,0,0,W
4,3,1,2,7,3,4,7,W
-5,-3,3,-2,-18,-3,-3,-5,W
3,-1,-5,-15,-29,-3,1,-3,W
2,-1,1,7,17,-3,1,4,W
-1,-4,2,3,-23,2,-2,16,W
-6,-5,-7,-15,28,-4,-4,-6,W
0,0,-1,-5,-31,2,0,4,W
-2,-1,-3,9,77,6,0,-5,W
3,2,3,6,32,0,0,-1,W
0,3,4,8,-3,3,-1,1,W
-3,-3,-2,3,-2,-1,-3,-7,W
1,-1,0,-1,-5,-1,2,1,W
-5,1,-3,-11,2,1,-4,-10,W
3,-1,-2,-9,37,1,3,11,W
-1,-2,0,3,-23,-2,-2,-9,W
-2,3,2,-7,-37,5,7,7,W
-2,-7,-12,-7,13,-3,-1,1,W
-1,2,4,18,66,-3,-4,-27,W
-4,-8,-4,14,14,-4,-1,11,W
4,2,1,-18,-93,-2,1,10,W
0,3,7,-12,1,1,3,5,W
3,-2,-7,-14,-23,-4,0,0,W
19,2,3,7,30,-3,0,6,W
0,-1,-6,-2,39,1,-5,2,W
-5,-7,-4,2,3,-1,-3,2,W
-3,-5,-5,15,5,-3,-1,1,W
-7,-4,-2,-6,65,-5,-4,-3,W
0,3,3,9,27,2,0,8,W
-2,2,3,8,73,6,3,0,W
-4,-1,-1,-5,16,5,-1,-1,W
-2,2,3,14,-2,4,3,7,W
-2,-3,2,20,8,-4,-2,5,W
-3,0,3,9,6,0,-1,-2,W
-1,-1,0,1,-17,0,-1,-7,W
-3,1,3,11,4,-6,-2,0,W
1,2,3,-4,-15,4,3,0,W
4,7,3,10,18,2,0,-1,W
2,0,2,4,24,-1,-5,5,W
2,3,7,16,-3,5,6,9,W
0,0,0,-7,-60,-3,-1,-1,W
3,0,-3,-15,5,0,0,0,W
-7,-1,-2,-10,-11,3,0,-23,W
-3,-4,0,2,58,-3,-6,-16,W
1,-1,-2,13,39,4,2,-1,W
-12,0,-3,-12,-32,0,-11,-6,X
15,-6,-9,-25,-11,-18,3,24,X
13,0,0,-2,-4,0,-12,15,X
26,5,0,0,5,2,10,-12,X
-13,-2,2,9,2,-6,-16,0,X
-43,-7,1,14,12,-6,-26,32,X
18,5,-5,-4,10,4,-4,15,X
22,-8,-8,-7,18,2,-7,4,X
37,0,-2,12,18,26,-15,-7,X
-13,-2,3,6,-6,-9,-14,-3,X
-47,3,4,27,3,0,-3,-20,X
1,-1,0,-5,-4,5,-4,5,X
8,2,9,15,18,-7,9,-10,X
-22,-7,-3,-16,-16,-5,21,2,X
17,-1,-6,0,16,23,22,-27,X
-4,0,-11,-18,-17,-8,-10,9,X
34,6,4,-6,-15,-16,-18,26,X
2,1,10,13,-13,-3,9,15,X
-25,-7,0,8,-1,10,6,-3,X
-19,-1,-3,2,-17,-9,-4,-3,X
11,-2,-8,-34,-39,-12,7,-30,X
-16,-4,-3,1,-8,1,1,-9,X
-27,2,2,14,22,15,1,-7,X
-16,1,-2,2,-5,0,-2,7,X
31,7,-1,-6,5,2,0,18,X
22,-3,-6,-8,-7,-11,0,9,X
12,-1,-1,-8,-7,-5,-17,4,X
-8,-5,-3,-7,-18,3,-8,3,X
-9,-2,-3,-18,-20,-1,-5,-9,X
26,-1,-3,-16,-15,-13,-21,-2,X
-29,2,0,3,7,1,-21,4,X
-22,-3,-5,-20,22,-15,3,-5,X
6,0,-1,-3,20,10,-11,-6,X
12,5,4,11,-4,0,2,-4,X
-9,3,3,10,18,9,7,13,X
17,4,-2,3,10,-1,-1,17,X
-20,2,1,25,38,2,-1,-16,X
-97,-1,1,5,25,2,13,-25,X
-40,-6,2,6,9,5,-16,21,X
-11,-9,-3,14,-18,-12,-30,0,X
34,2,1,12,26,9,19,18,X
17,0,-3,7,29,-10,15,-9,X
25,1,0,-6,5,13,-3,8,X
71,-6,-3,1,-31,4,1,-3,X
12,-1,1,-7,13,-8,-19,-12,X
-18,-1,1,-10,-2,-8,-11,9,X
-2,-2,-9,2,-21,4,11,10,X
36,4,-3,-10,-12,10,4,-7,X
35,7,2,-14,5,-14,2,2,X
-116,-9,-8,18,27,-9,-1,-29,X
-46,-1,2,17,41,-3,-3,-5,X
-23,0,9,27,15,19,0,1,X
19,2,1,16,25,18,0,10,X
-39,2,0,-4,6,-13,4,7,X
-10,-6,3,11,-3,9,7,2,X
9,-9,-1,-6,-2,-7,18,8,X
-23,-4,-4,-29,-62,-3,-14,-18,X
35,-3,7,16,14,2,12,-4,X
-13,5,-1,8,24,-2,-49,-15,X
33,8,-11,-37,-35,3,1,7,X
15,0,6,12,22,-1,-18,9,X
18,0,-1,5,16,-8,6,-7,X
34,-12,-13,-23,2,-7,-13,13,X
-45,-7,-9,-29,-76,-12,-4,-14,X
2,-3,6,8,6,0,-10,-1,X
-6,3,3,2,-6,-15,-11,-52,X
0,2,6,4,27,13,23,13,X
-8,-4,-3,-1,15,-24,-15,-3,X
48,4,-1,-9,-29,9,2,0,X
10,2,0,13,15,-2,4,17,X
20,2,-1,-5,-27,-8,14,-5,X
-2,-7,-6,-16,-16,-8,6,10,X
-29,-3,-6,-15,-13,-12,-17,-14,X
43,-2,-1,-3,-10,-2,-4,19,X
-28,-2,-2,-7,-1,-6,10,-24,X
25,0,-3,-11,5,-1,10,2,X
-10,0,0,-1,-7,10,14,-2,X
30,2,-1,-5,20,0,-9,-9,X
-59,-4,0,6,20,8,2,-12,X
-4,-10,-8,-11,8,-5,7,-16,X
-69,-2,-1,5,-10,4,-3,-15,X
-37,5,1,-5,-9,-2,8,-32,X
5,-1,1,15,43,16,-8,-4,X
-14,1,2,12,15,-2,-15,-18,X
43,-3,-7,-1,-11,4,11,1,X
-23,-6,-2,-5,-12,-3,-12,-19,X
-86,-3,0,19,8,-16,7,-2,X
61,6,4,-14,2,8,49,26,X
-2,0,3,-3,12,14,-28,-13,X
19,3,1,7,14,15,-2,10,X
-11,-17,-13,-30,-14,-20,-5,17,X
-1,5,0,4,-25,5,27,-7,X
5,-2,0,0,18,1,18,9,X
11,5,7,13,18,-16,-4,-7,X
5,0,-1,-12,-3,3,-13,-19,X
5,1,-1,2,-4,-29,-15,3,X
38,4,6,34,24,-11,-11,13,X
2,-3,4,-1,14,-1,1,-2,X
4,3,0,1,8,23,2,17,X
-13,-2,-3,4,-4,-11,3,-5,X
-10,5,2,0,13,-5,11,30,Y
8,2,5,3,12,-5,-1,-11,Y
-27,0,1,4,-7,-11,0,-3,Y
-25,-3,0,-11,-47,-36,0,-3,Y
-14,15,0,-4,-3,-11,4,-9,Y
0,-2,-1,3,14,12,-12,16,Y
35,5,-4,-9,-17,-8,-8,-2,Y
-22,-8,1,-21,-28,0,-4,18,Y
-9,-3,-2,-6,-8,-11,-15,-7,Y
14,0,-3,-8,1,-7,3,9,Y
16,3,5,-1,21,-22,10,12,Y
27,5,1,7,22,14,13,2,Y
-33,-11,-10,-7,3,2,-1,-26,Y
15,3,2,0,11,5,11,18,Y
-12,-7,-1,17,21,-3,7,-3,Y
9,6,5,-17,-20,-12,-11,15,Y
0,-1,-2,-6,-20,-9,-3,17,Y
2,-1,5,7,18,-4,1,-3,Y
9,10,-2,2,7,15,5,2,Y
8,2,-2,-1,5,-2,1,0,Y
-9,-4,0,9,15,1,3,-13,Y
-1,-3,5,12,13,7,-12,-24,Y
3,8,-1,-11,0,17,4,6,Y
10,2,1,1,3,-7,0,-1,Y
-8,-4,-4,-4,-8,13,4,-12,Y
-6,-3,-3,-6,-22,5,-1,-7,Y
0,-2,-1,4,13,5,1,7,Y
4,4,3,-9,35,9,0,-2,Y
3,-3,2,7,12,-7,2,-6,Y
21,4,0,2,-1,0,-2,-2,Y
-9,-4,-3,28,6,-7,5,5,Y
-6,-6,0,3,22,6,8,10,Y
-6,-7,-4,-26,-15,4,-9,-8,Y
-11,-3,-3,3,-31,-48,-15,-1,Y
7,17,5,-5,16,-4,7,19,Y
14,2,0,-4,-29,-4,10,16,Y
-3,4,-1,-2,1,12,3,-3,Y
-14,1,1,10,22,-6,2,-47,Y
-2,0,5,23,9,22,8,-1,Y
21,8,2,1,-24,-7,-10,5,Y
-4,3,3,5,1,23,0,-6,Y
1,-4,-3,-10,-49,-40,-13,-8,Y
16,-1,-1,-3,0,0,-3,-6,Y
3,-2,-3,-3,2,-10,3,-2,Y
-7,-2,-1,9,-5,-10,-2,-8,Y
-1,0,0,-5,-6,-11,-2,-2,Y
10,1,3,4,11,4,7,13,Y
-28,-7,-4,2,4,-1,-10,-73,Y
-15,-4,-2,-11,-14,-13,-3,-5,Y
-3,5,-2,5,-6,-4,-3,9,Y
12,1,5,-2,9,24,4,14,Y
12,-4,-5,-16,-9,-25,-6,24,Y
27,-9,-1,-7,-11,-4,-5,2,Y
3,-1,-8,-4,-39,1,-2,-23,Y
49,16,3,-2,28,27,9,0,Y
-11,-3,-1,7,18,9,7,19,Y
35,0,1,5,3,-23,-10,-10,Y
-7,-8,-6,-11,-15,1,-3,-2,Y
7,0,-1,0,33,3,5,16,Y
-7,4,1,-8,-6,-37,-1,0,Y
31,5,2,9,12,26,5,18,Y
7,-4,-1,-12,-24,3,-6,-43,Y
-1,-14,0,-4,-21,-4,-1,-5,Y
-3,-1,-19,-27,-39,-41,-17,-22,Y
15,-2,-4,-7,0,-5,-3,-7,Y
-52,-12,5,-27,18,-2,-1,-8,Y
-3,10,23,32,116,86,37,6,Y
-29,-4,-4,-31,8,17,6,6,Y
3,1,4,12,14,-1,-2,-4,Y
49,5,-1,-12,-29,8,8,5,Y
-1,-11,-3,-6,-24,-13,0,0,Y
13,0,2,3,6,20,2,3,Y
13,7,-5,3,20,-6,-2,-5,Y
-1,14,-1,3,-7,5,6,11,Y
-5,-4,-1,5,17,-2,2,10,Y
-11,0,1,16,7,5,4,-6,Y
-24,0,-4,1,-7,14,-6,-32,Y
-12,5,5,4,28,15,6,13,Y
-13,4,4,3,-23,-6,-1,7,Y
-49,-13,-7,0,8,-2,5,12,Y
27,6,12,3,27,5,0,-10,Y
-12,-23,-4,-6,-28,-29,-5,-16,Y
28,9,2,-23,4,12,10,15,Y
4,10,1,5,-21,-3,1,5,Y
-55,-2,2,0,15,-4,-4,-26,Y
-21,-4,-8,-12,-10,-10,-13,5,Y
11,-5,2,1,37,-3,-3,5,Y
7,3,-3,6,-33,-11,-5,-11,Y
-3,-13,-4,-5,13,0,3,3,Y
21,2,-1,9,50,-21,-4,-1,Y
-4,3,0,9,36,0,4,-2,Y
-32,-5,-4,4,27,2,-2,-2,Y
-8,3,3,2,12,5,11,-7,Y
10,-5,-4,-7,-12,-23,-15,-23,Y
-20,-7,-5,-11,-54,-49,-8,-12,Y
-9,-3,-4,-7,-8,-26,-19,-3,Y
6,1,1,-5,9,20,-3,-23,Y
9,4,0,3,8,4,6,1,Y
-7,-3,1,8,2,7,9,28,Y
19,0,1,11,9,6,3,-1,Y
